"Diuron","Mecoprop","Zn"
0.0733745825819208,0.736441055754639,1350.54862278911
0.0375391145659541,1.18669488344472,1575.37779150913
0.0224386945863289,0.524328740936842,1635.18233680627
0.0407905910506432,0.408363344578488,1974.19486879503
0.231527535386963,3.33971320660754,1149.92402263299
0.0554035477428575,3.31170669533496,1541.15357677168
0.0423177963171946,0.450060284135284,1597.29976839954
0.0223978878624544,1.38414530907517,1611.08996383805
0.0385910384801012,0.979236162718006,2208.37548389706
0.0544591586465928,6.66813185260138,1306.31973094159
0.0439162322246223,1.22865548433296,2718.51779347443
0.0441680217771509,0.663352961774292,1400.57899081312
0.228159085286553,1.0199210458021,2143.84445077447
0.0397263632178594,1.39669615835361,2798.1714494811
0.0310518547934975,0.386044238068402,1638.97911285903
0.0371166547223765,1.32921974334243,2418.82773359431
0.0265769526784725,1.17991339126766,1608.87766302678
0.0421638465264637,0.609099652863636,1544.03828395411
0.0553210755315084,0.777440207280062,1038.93202386924
0.054511979803509,2.45174283864195,1834.13720844704
0.0823232699189358,0.708458865077732,1235.86410552868
0.0431880339797925,0.981342630348086,1650.38483334269
0.0211604727223337,1.02413599759389,1657.65103784588
0.0587627335867602,0.815150120888019,899.951649614323
0.0378489834298793,0.808484270172474,1909.42611880907
0.0253074117080309,1.04867558155762,1343.58676383935
0.047036508897915,1.23758277386474,1285.45708697459
0.0996912391063462,0.540471753227805,1955.13754722216
0.0188627267377684,2.00984324760192,1391.80366759047
0.0695095465521235,0.906391198279567,1576.64881478453
0.0273801515765548,1.00153584391524,1221.36051453514
0.0751758206760518,1.3117310293473,1591.18678088715
0.0305093531602622,2.22224621910935,1239.31325997614
0.112610572933581,0.865806369230252,1148.90786671739
0.0706471261723048,1.82844654648562,1390.75017498151
0.0941577319035778,1.0495823530121,1448.50003803022
0.0123954730854728,0.917984788158763,1511.78268255766
0.0372396907261158,2.1273482567374,1627.31211616917
0.0637418281848328,1.33069366633954,1292.85313763755
0.0441645099424343,1.3534514772891,1402.62537972844
0.0748360121972385,2.23155226267769,1559.07355044528
0.0392899997775773,1.27220281602513,1130.11832489283
0.054607154125702,2.40515756122483,2583.71285412397
0.0406433212382681,1.37146053595166,1244.93078074191
0.0671563358057103,0.933775871782267,1540.6546335411
0.056448066475796,1.02861051119116,1411.78029746758
0.0174679037552508,1.0443871257398,1171.77523620111
0.0546525169000095,2.30277013484567,1468.11705198186
0.0187425412166259,2.12143667245712,1992.00361738188
0.0237690103212965,1.12800414390692,1338.88328542223
0.0484316511987702,0.475512395229734,2381.04579777381
0.0382120211959827,1.01706546483432,1000.76636306831
0.0213386280299518,0.787708191698493,1566.7302187012
0.0390381033248967,1.17270152612097,1684.32757845609
0.0184827282415507,2.43134788489392,1868.98290078111
0.146870009814216,1.32951822129543,1633.94347525642
0.0296514698404417,0.667660292272746,1786.97716152947
0.0806870781950963,0.960072896797675,1539.86731489448
0.103927089920167,2.41683755322453,2101.62662368622
0.0171281433969366,2.22541703671758,1034.70740323403
0.0400052777060772,4.22907963505783,1636.50690227879
0.103325200033669,0.558881775380757,1260.11193526665
0.133986539322155,0.888460214392541,1225.50676802773
0.050989155941784,2.01816883969175,1384.9504937179
0.0436661303353082,3.06928265002669,1156.73778377955
0.046506410760772,1.29427277932197,1543.85685341742
0.0263287849253949,1.91120951685352,995.45337110994
0.0854837668440865,0.936065771364185,1558.54361541475
0.080884864097136,0.963251028234844,1350.97739845724
0.0423890959283848,0.467145614515796,1108.52060286925
0.0843626500631629,1.35658999396326,1521.20159090478
0.0215365361477673,1.64860940276519,1516.48013070932
0.0688355115248387,2.47569199850689,1021.64317619098
0.0253690639169253,0.948535516157512,1481.06869918393
0.0356080368542312,1.09110041988245,1556.94697245688
0.105388524943745,0.433131509462898,1272.0459666085
0.0244794420284405,1.53387832760998,1917.98269924676
0.0995154412340628,0.703199228529235,1631.92224991449
0.072038941127463,1.21753894180443,1958.30961348885
0.0255539325179786,0.884922296868474,1695.06056668312
0.0554303622720459,1.10524968795585,1639.73030052424
0.0438031764073251,1.05429513460135,1178.27654585303
0.053985629187373,2.67322695537238,1220.51467367252
0.0365375683068189,1.47577839882839,1616.40530331771
0.0328565274534304,0.743855723404405,1822.00921507023
0.0642236874926223,2.5900560124983,1492.6942878605
0.0399333419060502,0.659009802590742,1398.11330392221
0.0208341568140479,6.99339771370005,2197.14222645543
0.0674677451567972,0.692162343130443,1269.13154138936
0.0412746841385124,0.798356999362122,1588.95066995185
0.0363243236967382,1.49391688543023,1575.49178484936
0.0368810340298427,1.97325743696489,1309.46428249746
0.0207064608352156,1.57462241227583,2069.13808062394
0.0645427180600155,1.3820304750338,2092.76724023661
0.013842707793857,1.99622824775178,1062.03583699926
0.0652076286004188,1.32196203276644,1644.56029581413
0.0566696270628725,1.0327154069748,2153.31869529523
0.0526166399753625,0.746987189740027,1457.99503325372
0.0479408348737047,0.844715853953244,1794.32829608465
0.0471568080868455,1.89467668817941,1202.23004902193
0.0609679491732962,1.01713804091251,1567.00726730508
0.019302995796247,0.586769130572001,1328.26112403278
0.0910613426410133,2.07337671643666,1147.22657114119
0.100827751797533,0.901124652750584,1362.36298375237
0.0244320952180441,0.691937385345093,2543.83227631804
0.0401515622897277,2.70006126544931,1672.92864295893
0.0467165821068942,0.681398954053383,1083.29971906514
0.0408345575511374,1.76207256023963,1547.24581601715
0.0265424720051671,1.60444720803222,2507.18392666233
0.0530699951121732,1.3880764225237,1533.20350520918
0.0288839703376242,2.09294389999716,1019.50895686046
0.0140195080777457,2.48497520101788,1461.36867819927
0.0517737729901542,0.554913177338932,2044.86195820422
0.0216269252064707,1.05853506538736,1359.32719470008
0.028246622668582,0.534032373781254,2312.91046065163
0.103459697935969,0.772150716995937,1681.96257673619
0.0455024477595711,1.02696327250201,1779.99687182908
0.0293791998684419,3.60081696721157,1172.39695008165
0.0233541598782669,0.875345043092423,1329.04813989978
0.0335117543062392,1.36174154682951,2126.06823345944
0.0228181973235445,1.56167730729636,1168.22873017083
0.109107821144221,0.635730076541866,1256.67221373068
0.0339918200339408,0.494856086398855,1953.83876898536
0.0484916617418616,0.702043907354195,1021.09342252565
0.059210662957194,0.761489383874085,1595.30658555353
0.0565045400853607,2.19337563586361,1102.46147780876
0.159247585938817,3.21404770917982,988.518657113952
0.0179568837768263,1.28668881437457,1467.60914465198
0.0670947442601801,2.62498804052181,1530.56109644921
0.0187866331038907,0.562216813964362,810.269913028226
0.0399087101372065,1.40446045472395,2091.27317682527
0.060982267373143,0.874910963632105,1247.50049349516
0.0344341267067162,0.929517836967058,2404.68006145259
0.0305818668426058,0.473685316971834,1065.53330715539
0.0134442343169182,1.3396454113254,1664.43147295594
0.0932545152221933,1.24029889001691,1195.81700557465
0.04121846740252,0.707072132628744,1950.41564239572
0.0141283271950225,1.1607016476032,1884.64983981304
0.0492088463353425,1.02703140627769,1301.09975022318
0.0151388028385065,1.10084497004431,1411.00365075523
0.0376783058596885,0.670924561864568,980.93040930649
0.0443170419419965,2.65055705382565,1910.27923246659
0.0559396148563246,1.03927306321032,1178.72880088258
0.109675416237123,0.889485012785047,1189.08638534713
0.0626404914531454,5.60716781515504,1252.6851597515
0.0510096036315676,2.04114210371824,1878.88982706225
0.0530332761004862,3.98280868692458,1827.54567488457
0.0253908446696742,2.73533014288487,697.482685109608
0.0705190858968098,0.596881998874943,1276.61287140987
0.0823643064101293,0.975413007793156,1304.90108084144
0.0231429164239322,1.02103613162101,1376.01206670995
0.0505840124908014,2.34801044516018,1177.71497737093
0.0586576316282692,3.04933090749675,792.513169709146
0.0639428486522179,1.3416313653488,1476.10645239817
0.0355362584920211,1.73221625363824,1919.50702238004
0.0248769513452009,1.29420211078719,2171.15375803852
0.0798993293156317,0.360653719682004,1518.79284647999
0.0753248463158322,0.531463788767899,1536.06223053085
0.0400950101685878,1.31839505814693,1312.09620736183
0.0536840275084616,0.829400352242917,1560.15888012286
0.0228829476817838,0.593032368634531,1048.44877781313
0.0670127431457185,0.982205917048867,924.906445411487
0.0304777257116162,2.39728192582953,1106.28399328706
0.0369349170710703,3.93130390087916,1726.90045905904
0.0449991324688913,0.351284827699918,1121.47278724354
0.0660681784477428,0.587343147918276,2176.698770693
0.0353388637864478,0.57652593833257,1540.2634369152
0.0160354336461143,1.15975792621273,1640.61978869296
0.0293659229843197,1.02272657187576,1598.55624813292
0.0343949096221334,1.49831727690047,1431.8520405939
0.0187984154614541,1.92270301547686,2811.26246730823
0.0235118937998829,0.897514866721251,1302.8502541513
0.0503250644355094,0.826005901199714,1710.94536876854
0.0664169004242122,1.93684929647895,743.252098719911
0.0231746364480976,2.10924238031653,2303.34371665725
0.0660686041474159,1.46460332802977,926.744553599226
0.0263086064858996,1.16062901128621,1434.99048548699
0.0713637533373278,1.47480395558931,1777.7625523876
0.0760404271320878,0.764829023680388,1607.69431491201
0.0718082813254866,1.21042703346725,1331.46257601324
0.0288468368851814,0.437189577750333,1047.1464029483
0.0305254835146146,0.310789237248879,1383.85369039864
0.0319233060104783,1.94924098096264,1398.95801751066
0.073472041373168,3.16383149669544,1322.41964761403
0.0307873750649917,0.725567855829423,2067.13460400922
0.0878556422094291,0.712330027506781,2164.35263042843
0.0342049142287009,1.41855156894284,1755.86718119545
0.0265047932344092,0.756174652640646,2763.2045593615
0.0520253011033564,1.62117077710445,1554.63045721624
0.0464245666234629,1.19662223760023,1916.84612196429
0.0280246920184198,0.778140083966191,1366.52226708894
0.0369573645074212,0.492245367217454,1697.58940506532
0.0157087837902302,5.43245661401013,1075.27818172591
0.0282924253895848,0.415288453031188,1443.16772245233
0.0737337085814198,0.743053240286544,1619.60985442394
0.040020997663187,1.30491158144359,1711.55034324193
0.0517394765715032,1.08798435756069,1783.08692924645
0.034737898855644,0.497948774946811,2202.13587441578
0.0280346487066914,0.539642548998223,1405.61918372514
0.038750899404256,1.73379049143089,1816.29405838018
0.0402180268926834,5.91389334618975,3608.26102221052
0.089561237044071,0.441333387921883,2308.81312399961
0.0227303216678803,0.817739426575238,1372.21708972002
0.0310708689669596,2.49533270339855,2760.62414739048
0.0449063529900074,0.62344935700989,1979.53255305849
0.028427599291971,0.28816180550884,1873.63806175151
0.05047908972168,1.56367614432722,2252.96246715861
0.0431467013886474,1.26991756084018,1042.14444322153
0.0401171321131713,1.1111881382159,2166.32413593091
0.0727343817795494,1.07414865263601,1208.01918389569
0.0613366302693045,0.880334467636978,1975.53999282252
0.0469621956874142,2.56550893023575,1727.91756490385
0.0194929583406383,0.439445638657922,1732.76044657204
0.0730430968513004,1.17311092721805,1753.09483255032
0.136967650289315,0.838027456485357,1418.04366836009
0.0675150301939868,0.887578275670182,2597.85451209915
0.017759591673191,0.874472086609492,1855.33007217131
0.0768630502994797,0.736850499476093,1575.07404600024
0.0293852569557631,0.562404120835111,1755.61843081447
0.133690014410467,3.87883336415024,1301.07704981403
0.0673807816481458,0.964310373900706,962.014892040451
0.0377489431707836,0.562315693147361,1938.97914938919
0.0454187038350239,1.17075299050919,2069.22788049988
0.0477324849726553,1.43354432990795,2013.42926847583
0.0267392762034229,0.499984060789075,1447.24861782369
0.0357257462832195,0.527748583061241,1138.09636534684
0.0389532894583768,0.92552396604149,1528.51670568601
0.0185768960159267,2.09066885867487,928.057521442251
0.0532776862963696,0.36806790784006,1836.6667299809
0.0191200922814417,4.02241598180725,1291.11089226475
0.0646858954785811,1.28729350490347,2254.53318170454
0.111934869521478,1.88228622344196,1515.18831409746
0.103236959544932,1.86532923687393,2204.14462719624
0.047712868986962,1.34195276233061,1921.52794187243
0.0404763502006535,0.97766789804317,2604.98141830735
0.0401296830528044,1.71440725051258,1228.622076393
0.0397478652615001,0.483456514194575,1382.61841430811
0.0295215504297249,1.02066561430843,1422.0977821908
0.0484819350225791,0.493020061310531,1486.28919488044
0.0290480541601951,0.828915754264832,1488.66635248394
0.0330420388548069,1.20765004693958,2531.74340323144
0.0209351501302046,1.35349489189765,1373.82873591819
0.0505180866324198,1.07404611130045,2042.61330284005
0.0302748901296282,1.1514708131442,1438.15262741477
0.0154635246107883,0.964865672892356,1095.27427060877
0.0322130966103495,1.37093181246146,1825.14250601598
0.0342788463629602,0.946843875651876,1426.63734953908
0.0291565853940132,0.878023157296819,1458.81780227164
0.0300236481204792,0.689238821253334,1285.11345594499
0.0383832319653715,0.802214525658731,1388.70062351782
0.0225825111152988,0.547541056747214,1261.76014494932
0.0229820063810058,1.92639786510751,1350.9435477601
0.0409517880003798,0.769768268935029,1399.3069227084
0.227044639690986,0.714035752723235,1250.21849583202
0.0342943223213529,1.82058742852446,1428.59806722857
0.0316069110392056,0.837248085168672,2166.78864217516
0.0832790792115362,1.95762614176175,1219.01369111833
0.100519171074491,1.19231818577972,1209.5069002665
0.0461331619900074,1.30779849996689,1000.18549336283
0.0240996585063832,1.41717643815451,1648.78098510918
0.0422464191007499,0.755941302118424,1340.99097034181
0.0241222196618158,4.69241441394581,1851.93939357352
0.0954285945940667,0.3371416021167,857.096527889574
0.0357271425932568,1.6208539326588,1450.22587002207
0.0572239732511689,0.463673244499742,1653.46063948256
0.0442145413981098,2.65979447300564,1614.71143315803
0.0327116319982963,1.30412597879536,1166.22719625518
0.0198976939033998,4.43143039489066,2062.84648255627
0.0509055272653502,1.17343035053729,2572.35413992804
0.0420552481886922,1.037986492855,1574.93843109166
0.0346835467617101,1.08378689094153,1401.71849071298
0.0217360819041675,0.828129976008028,1166.4226093897
0.0424764111677853,1.11080970043567,1197.75687399411
0.0321142263091627,0.73921384845738,1225.68857174585
0.0351310264652836,5.83805917158402,1849.8005034619
0.0345302320082319,1.65756674629493,1331.89988139901
0.0260449800091331,1.50496460875577,1840.06493004392
0.030232912395635,1.35658551252734,1518.85841165894
0.0449495303046658,0.621784156520467,799.057109807181
0.014018126683431,1.57235940247484,1620.1803164216
0.0492371545832663,1.4159432864609,2016.03124441773
0.0405902177054101,0.929026893839939,1942.690252097
0.102555776193998,0.291788312029641,1842.26959861632
0.0223500605172156,3.68751165904556,855.865812996243
0.0309197120165294,1.11955463302536,1118.19123859726
0.0494094829423896,0.412204895890933,1788.38142758167
0.0348000646756154,1.61335704340558,891.940171645184
0.0197581877316729,3.90473985344472,1833.98873259096
0.0433955890112714,0.838775339549352,1489.56949071819
0.103374156652632,2.04869183578189,2050.11850145118
0.0192225802073448,1.37122854383065,1094.56066318686
0.0454154047953013,3.2310162631452,1995.87366433877
0.0172035023204423,2.33069474643543,961.705945022198
0.0427058305809908,2.04297709811078,1557.63567937992
0.0538417167223754,4.27423737275195,1678.55314855972
0.0447379573509044,0.812030684629823,886.177508578098
0.036654129189175,1.72916296492834,1219.71055114194
0.0457657364191809,2.6606928133987,1263.03526429334
0.0473729141133158,1.77038985904446,2090.40900555668
0.04847677505085,0.389432874797946,1991.63721328304
0.0475230687689287,0.441185954483783,1209.59278310716
0.0234088010166615,1.92121042103496,924.721227259563
0.0538481962933079,0.504336704545533,2011.96924960728
0.0342974575046841,2.56863942873684,1617.84124855306
0.0408904372560192,0.861705069331387,1268.69219435615
0.0436092953118341,1.00377420455449,1791.06658761779
0.0621236230042596,2.28922289763286,1404.35827497324
0.0487747749954958,3.29141504806883,1333.00155180094
0.104020622293172,1.22938937471618,2041.24618451074
0.0248999623748495,0.750188837421781,2359.18254835587
0.0431532878137026,0.549469109007536,1464.10461845517
0.0214822584292463,0.724793775895138,1327.36698113469
0.0411545651547979,0.554292374978104,1510.22807326582
0.0715176843489101,1.23277203784938,1503.43682205568
0.106485727929256,1.31548950003026,2336.48033405521
0.0620385837505716,1.05011583397798,1434.656336286
0.0298877432571463,0.730262043752867,1620.9469641971
0.0368857600982627,1.16720516049336,1304.63418627271
0.0451070570642187,0.899635946881019,1618.94676979224
0.0581517947827042,0.786688458588288,1292.58504541398
0.033845136129513,1.94148638135317,2840.4605923292
0.0703507541289161,0.92658120400688,1336.46288687609
0.0288317769959585,1.30087882703564,3125.43261982383
0.0215899838972017,0.900337487405517,1764.7280592983
0.109378121853873,0.637016852990093,1417.68607874449
0.0511173305165215,0.773018002143475,1317.96570796332
0.0734717264466892,0.641853920179454,985.201019834486
0.0401415420471959,1.12830025114123,2060.7090527455
0.066758771380158,0.520308391867773,1111.28778680008
0.0303321183366507,0.603571525429141,1021.99329104225
0.065794433300409,0.396092801040973,961.971457587882
0.035797297028659,1.23083665070882,1433.30739784827
0.0186748674132034,0.867570204492873,1007.88298527408
0.0808976084881979,1.36574535993719,1578.27264267542
0.029257771500917,1.5908705813595,1308.05694171889
0.0273480685186954,1.11532384951193,1639.920328547
0.13555068428746,1.49254026418387,1353.39517250186
0.0119997022534921,0.58078584918355,2476.82315503558
0.0255671866428784,1.49665602206733,1413.68033036596
0.0649279958101364,2.07071295454059,1889.15231219863
0.058286448434012,0.507976885431341,1503.18401626333
0.0373857734166228,1.10165196717129,1203.21976080979
0.0470267527359377,0.832780765327125,1020.49341243541
0.0361955957426897,0.473666768302184,1515.9949773992
0.0403153602579513,1.68735138159492,1088.65613014238
0.0493910451485574,0.673089982165531,896.570993366759
0.122201132636602,0.868148845024413,1008.20656312669
0.083560167289987,0.971235848903255,1019.65512742599
0.0199600998612728,1.67665696496913,1322.72282598229
0.0620155515891113,0.32116803687686,1036.65945129284
0.0603163327278375,1.26816906980454,1769.29693400334
0.00741632774616411,1.21756333639192,2141.74244401715
0.160770158739408,1.15294259246394,1296.70515997384
0.0763329053411767,0.426000869797335,1443.71927340298
0.0240778100907092,2.00813583223718,1399.82168952733
0.0376713278957592,1.2256458858607,1856.62778375075
0.0452868285286596,1.93392845006011,1284.43552363579
0.0287471531768501,1.05385968752313,1507.78268087287
0.0355978778609944,0.845595147469469,1160.27117885842
0.0142769811486909,3.15115550434459,2144.43734917933
0.0267958190840369,2.65442209856168,1477.45477743976
0.0194138698987581,0.910771628361162,1246.29300022276
0.0269994659626067,1.57397366340631,2020.23022879835
0.0533496120699757,0.574827945141734,1549.11594438062
0.0388712720619773,0.353628178387248,1044.12587951601
0.0261173617288949,2.2054124621573,1973.11602152637
0.0461978604819565,2.38216400673396,2292.58396594822
0.0276382377946438,1.41338160848201,1875.70610872654
0.0307061162595216,0.699249652984429,2303.03129083554
0.0759697150740053,1.30837259509878,1526.3545822857
0.034781700585151,1.64279782047597,3845.59873828883
0.0110755359109851,0.96585714240407,1172.65185246276
0.0363398486924332,2.62353271667868,1190.25063953879
0.0342590878319313,1.69205315572728,1635.87510526977
0.0505928996083904,1.25902488960276,1190.03877874176
0.105147727038317,0.503082393307514,1047.23769872471
0.0165097999630852,0.76204286182736,990.896191465973
0.0905867474146772,3.62918884799607,1372.23066471098
0.024488496198221,1.3914951219513,1236.57875375626
0.0349380354686093,3.92351997258724,1989.60019929767
0.0248559131815122,0.982919089838533,1462.86337239787
0.0539784423642511,1.96082709271747,2405.54176174207
0.0533562549652376,0.361856141323689,755.54898532428
0.0284908480405513,1.08616501524069,1087.94496607039
0.0213795106781697,1.43259956635159,1272.14833017505
0.0287376432183549,0.883025308286317,1398.82732198239
0.0870963558936977,1.09491905461199,1655.36431513871
0.0393683257086898,2.08181332945442,1206.75666357865
0.033008788196558,1.21909420289817,1289.91715928165
0.0496188920148323,0.605531587851146,685.246228266039
0.0237599556762625,1.35109874319998,1009.25202898246
0.032891913711994,0.764082734870077,1458.81742384795
0.0521881120520812,0.564025595011567,1385.36240623483
0.0244519213911994,0.417787244049481,1378.33717815081
0.0500910106482659,0.716128588564467,1493.71771119101
0.0490297283293222,0.777896389861222,1969.76232357699
0.0206883156063166,0.594411735577532,902.487508929227
0.0654992855879972,1.42460716970604,1517.58551616681
0.0441546494392659,0.491214004610284,1143.5593225067
0.0264902982608233,1.91344791220927,3101.01443209324
0.0310159797619662,1.05629771812617,2202.83517993454
0.0714332690583479,1.14803512556439,1473.33284533423
0.0506414401662609,2.00722663725301,1463.03059196767
0.0441589612748568,0.662043084995816,2374.78070362382
0.029538640575102,1.84989255544963,1423.57145255107
0.0651044829312331,0.77305506590699,1316.96564055322
0.0316844317468258,1.07523476204393,1251.89181822347
0.0636889913492671,1.32027937663656,1563.59683929937
0.0545748337856829,0.410637718139298,1237.33475249825
0.0249766608152546,0.882491420507632,1464.24422851429
0.130864814941727,1.55338743117911,1948.80060755322
0.0440603022251693,1.56800553683569,1406.14244005643
0.064860567141256,5.006094445731,944.308483060526
0.0309377502481051,0.795848765909441,2023.08346724565
0.0262427254170772,0.974099000918046,1425.74830496403
0.0665268238750889,0.650843979181641,1232.92139170444
0.0415190172032386,5.82326647471893,1789.36224877231
0.0324870476444723,0.673325113488513,1247.86085331818
0.0754862982021862,0.501926014351194,2107.14185141526
0.0353569737191154,1.77488552766429,1303.85815289378
0.0180226302637971,1.41792663077385,1265.22416695837
0.0524221417120235,0.762480905983047,1363.78689291447
0.0804532947448585,0.490109277824024,1395.38465055243
0.0338157873316428,3.45893903391899,1458.25128333027
0.0373505378924693,2.7606943751316,1893.03785606561
0.067941852068233,1.96626387778767,1267.08324322037
0.0395061488266083,1.22946250864781,1548.94008530802
0.0272922235683335,1.97313868493759,1593.99773093589
0.0620825235910938,1.40308332720289,1526.78683426333
0.0604334319587346,1.09620025570227,1421.88906015236
0.105862780066931,0.61613004674925,1991.09691633462
0.0317813564677589,0.656592053689727,1385.66376827409
0.11497774215923,1.03153836325597,1943.98169589367
0.0239960277535995,0.556045099244913,1839.0915109626
0.0265472717877431,1.61645715688444,2394.10590185086
0.0709729669025883,3.71082449912182,1226.4182368394
0.0483610157178913,0.494145451915742,1998.22596472389
0.0668937066453401,0.759545954630293,1225.26716970045
0.0299140103570957,0.49301367657647,1416.63254313008
0.0813490701081673,0.815262718187945,3999.89834158706
0.0538709998036396,1.89656713925852,1998.51204668243
0.049282671514279,0.902553143749561,1615.21909896653
0.039522496992583,0.662435449870129,1312.54323464284
0.041312877370282,0.650263403549219,2049.29811994044
0.089534992047839,0.60030943610627,1400.60201684595
0.0302490148558837,0.779710315024356,1379.03855053435
0.0249267150203251,1.30147295305503,1880.04617875661
0.0347318540601961,0.735923180097612,1876.32905226055
0.094285004700689,1.17838138458955,1060.29684421737
0.0471327175025349,0.500208089387065,1641.39481572615
0.0444462819085481,2.01997849942031,2274.31898372049
0.0557709611724014,0.609017345502372,1078.12153619311
0.0571845584760585,1.74754059338482,2069.29970132346
0.0442526511385338,0.945885110145529,1818.70887927865
0.103926831794223,3.69799580611877,1468.53940382616
0.0431628907489484,0.671667750238269,1372.68537600433
0.0686198083877983,1.40181124992912,1780.19842519189
0.0379232128478246,0.776882790714753,1344.47305287087
0.0559844227424615,3.57098884709865,1297.3105749195
0.0344604368127387,0.729992147558218,985.886639929611
0.0142873740877569,0.838963727732304,1464.48360718323
0.103580893289822,0.504411564154975,1492.96908791302
0.0441943004762298,1.30083867257599,1942.37435192522
0.0248057280438629,2.49463262993192,1510.97688055239
0.0217650362244255,0.888958529666494,1394.54008690449
0.0693274442549877,0.549360505455733,1112.29850865864
0.0805995549164864,11.0581512129794,1549.12217923511
0.0467371882196951,0.981868535268406,1858.02590759779
0.0555161874210295,1.14517949929399,2793.81772046062
0.0394903259463241,4.16223730532668,1575.49195901504
0.0588778251245844,0.850691425593907,2187.97658246779
0.055558048191553,1.27593669410611,844.956616379703
0.0348752356856191,1.31749284885038,1486.1220935189
0.0357336070444884,1.01213608122238,1929.05631657196
0.0373466629353869,2.25541337598742,1964.1500579575
0.0357397504948584,1.62665888670929,1447.75173849356
0.0307446017711583,1.88875605184662,1413.4443908191
0.0222214357901296,1.98109031138306,1166.21942339271
0.0353305969825861,1.58362816613653,1390.93512089657
0.023731243446688,1.07096881610434,1287.25379166114
0.0438039564714317,4.52012355926061,1379.58916848104
0.0500102931252307,0.290598490943222,1997.48360898201
0.0600827734840207,2.25824903266568,1241.70286701075
0.0486902419557749,0.312503272138431,1350.0066907202
0.0427689518529851,1.16218668158234,1520.16154285763
0.0729419025236678,5.70871032956318,1719.05979370123
0.029795914302742,2.00239436476373,1809.12006745951
0.0732608843838294,0.555381398248339,1224.9373597056
0.0110911283351184,0.639182239169002,1394.33366295384
0.0413497773274324,0.505129111053404,1046.14307832825
0.0171001231262269,0.95009081615886,1732.01019263468
0.0380225318413569,0.756375626560758,1323.90588178217
0.041973937259467,0.833471184512063,1835.01808547172
0.0369341875672855,1.305098971684,2092.90894532083
0.140390826555695,1.03823719385501,1642.74749969148
0.0178613752023165,0.813030685979247,2483.16754282537
0.0207522794611107,1.44503014243991,1515.18883069855
0.0585992932872733,2.18936211203712,856.226460270435
0.0497304131293644,0.906006969372181,1452.61975431079
0.0261191386020788,1.19528482200294,1691.84768518998
0.0502036306560531,1.26148592830812,1497.57681531167
0.0359787543515995,1.70599906000214,1408.61809493172
0.0611017432521554,0.734250462407324,1307.91921353509
0.046320408643703,0.442126345863623,1124.94564886282
0.0955922442271508,1.52942532759043,1793.14041085828
0.0193938469486521,0.964468486497412,1487.14462733121
0.0450209667786889,0.866693919883981,1062.69930321045
0.0232800560412404,1.72079928254083,2289.65636606084
0.0771340225113928,3.67834765297975,1005.15947139002
0.0468875093096392,0.961509121846513,1543.34384141851
0.0414017933649883,1.70999337729403,1423.58096562365
0.0362147706592633,1.39687469729536,2074.12758960345
0.0167264829887238,3.27722838759231,2197.99876221927
0.0626138488681131,3.48370986104442,1302.25489515358
0.0275364043680598,0.853781409559805,1906.68256731013
0.0271104139576221,0.705072184911057,1929.57297457555
0.068023602082519,1.59476039404437,1513.64945810992
0.020235216641926,1.74056789611217,1339.62761638173
0.0366465361170739,0.426130497193703,1656.24620319601
0.0396121436559826,0.455153026186421,1158.21259265819
0.0932618252031499,0.99040743750962,1540.37470603102
0.0596648481137515,0.512580147158364,1057.21529541656
0.0586153174819872,0.915009440337599,1737.227929089
0.0449092790414454,0.700742090532177,2097.73006778432
0.0746186669945777,0.726110166983687,674.291252619925
0.0520066731685878,0.442774173121794,1275.04947687569
0.0311067962920253,1.6310280875819,1271.90633668268
0.0297977751759223,1.1258529080513,2239.56962683697
0.0323021592919673,2.81490047597786,717.799017966434
0.133830406568834,1.96789185209758,986.420956195435
0.0370307049915552,0.888627224803128,1079.12782975382
0.0624075351771319,3.96258381747296,1432.93232653342
0.0466040342859333,0.488082785630028,1650.86873856094
0.100543398951639,1.34995768279259,1011.89163647754
0.0173895687828832,0.711820121768472,1176.28063908045
0.0308811673137359,0.896325388249535,1356.55930351711
0.078887225558614,0.396092082601182,1750.27408164169
0.0281447815886756,1.11878869183176,1526.02950541667
0.0498953557795745,1.29093810098875,1024.43392022935
0.027094977864004,0.472214752276408,1966.67963269954
0.0535280410184206,1.51172621272879,2603.24721296478
0.0323561746030804,2.69364320255264,2177.09180909992
0.0151762460204143,1.44288250214666,1323.65435018393
0.0412492741873798,1.97213542840047,1584.68159493384
0.0236361781550517,0.583489896827819,1922.37140171769
0.0200247470004176,1.00211354720859,1576.56408640482
0.0568138972907756,1.5651095249968,1206.77326691177
0.0244667524346717,0.556988301953079,2031.34194828187
0.0910522618088942,0.854355334441598,1181.38339529064
0.0276296222513378,1.53660832941177,1177.89220183848
0.0477696286386686,1.20994191684999,1181.01653585329
0.0243669035787203,0.456513553437747,1886.1508739942
0.0462363678611023,0.501979966643259,896.688525148746
0.0299397329480222,1.50595532908174,1851.20189835905
0.0381318730461752,1.91538459014019,1214.25285760013
0.108622086502532,0.744057786820556,893.467611689094
0.0629045541420041,1.9032750619845,1719.46341897702
0.028001940636258,1.3405295956257,1433.29847864179
0.18118510834393,1.43477129477061,1442.77778791367
0.0431170435419754,2.74367621798023,800.506541639187
0.0583866360587209,1.41683923554283,1772.93005392941
0.0818272307430133,3.29927076151628,1263.13475795288
0.127838342050464,1.13355937108967,1562.10899564211
0.0584930105331222,0.835826311080342,1414.30823585844
0.0266601681187768,1.61806260795242,2815.42231226302
0.0250363248909175,0.854094917852316,1387.47583618868
0.0453206881611657,1.44925379189411,1802.08890269293
0.0715638892554913,2.27135472979455,1079.73365992819
0.086031781099619,1.29020337244034,1727.81838982973
0.110549133044928,1.60388546034203,1912.98367218905
0.0312191206578957,1.91709160314736,1279.90687407288
0.0297497640566705,2.28359902711195,1463.70415447602
0.0796409857182503,0.65951776238868,2821.98673386219
0.0679806518897205,0.51712521889505,1735.49960307254
0.0220046942864244,1.02706523424193,1608.89245923958
0.0716710221207918,0.817476496198372,864.610519359282
0.0251863558555171,1.58615575661705,1092.88837700129
0.0380593679920063,0.674941385317295,1698.36803021365
0.0425339976250424,0.879803949156191,1489.23041031977
0.0381460274591543,0.517170882544868,1963.40507849049
0.0342586021895381,0.812656238828377,1759.04240611517
0.058266407917647,1.5914087183222,1613.2461514241
0.0317256288534376,0.812794838662175,1256.98397625416
0.014045578585355,0.625435763471765,1127.05971344878
0.0774081111682138,0.449310384393682,1505.19757817819
0.0259774814068909,1.13334858013587,1869.84454105634
0.12760512214979,0.414880229213557,2000.83749432342
0.0374396205962183,0.401278501369199,1105.44682907684
0.0342906375425368,0.615448389090086,1492.33733369246
0.0380794967352161,0.843860283930246,1050.75194562145
0.0152664290902671,0.365760123683559,1500.239235475
0.0558927023862258,1.9835056324596,1016.47550105188
0.0367898667690802,0.750325238848956,1974.68444595286
0.0369434038855056,0.3809107710517,898.883522873281
0.0377757736079346,0.691697759594577,1274.0782891165
0.0418104632564553,0.407312443298689,1106.02757002963
0.0455194904069989,1.31722266847448,1935.00704970164
0.0321309185807445,1.32231303208697,1386.39648280912
0.0260751089865355,1.15068867212842,999.176319485979
0.0787919281760509,1.99160684083682,1411.28326258207
0.0787924413162196,1.35085683939969,1247.86461400409
0.0341490272944049,1.23152740041781,1271.12236747053
0.0452079828609739,0.833639516877458,1683.2202268103
0.0231514763934525,0.783378407841647,1052.72114373496
0.0480363018192395,0.665798196133618,1182.35960069922
0.0353378479571918,0.47278909571958,1542.58980792192
0.0263885285606774,1.30978578963244,1835.37308968966
0.0484317934880023,1.6425713838096,1624.8674348809
0.023892733761363,1.75567259454485,1413.90604725479
0.118595896756591,0.405577840410337,1144.25694175119
0.0248049946253542,1.50734270918737,1280.85312088843
0.0183342845656041,2.06786599462451,1347.27147219766
0.0296649500288045,0.609327102536696,1269.39523540221
0.0257253302413208,2.3794484957238,1568.08944502388
0.0576936969636945,1.90863256895111,1478.40116289393
0.031685567384715,0.640359488492684,1261.89248429349
0.0292069892361392,1.05744025762257,1024.34948452832
0.0463921685866188,1.52833900534014,1149.770476395
0.0156070127376993,1.0955272257097,1494.31785722765
0.0372587706184771,1.97356875791297,1995.66694232251
0.0785202123676832,1.11674316223027,2995.47356119322
0.0638819618535302,0.227291234107595,1775.91099450592
0.0769378522939404,1.8698638908348,2120.47142165389
0.026803873655608,1.77991949138907,1536.21247241305
0.0209335818124495,2.19563266743562,2224.24844614107
0.0502299272770881,1.13247750384211,1260.26248024211
0.0519041606378285,1.53339156634332,1147.24850770187
0.144312786074631,2.26771257603271,836.330225583477
0.0299609794312791,1.45354319226168,1789.24713997655
0.0172886578034159,2.85421919174727,1831.90647008329
0.051320538515037,3.72356719654433,2507.20625738893
0.0950768440756141,2.01885869309068,1453.67340083857
0.0265759438034351,0.999796520391351,958.353136487227
0.0408680101422018,0.381303511180234,1000.22554683694
0.0490903174597922,1.85332482330934,998.489435219433
0.0893219022804211,2.61331942570473,1051.52255026459
0.0270306691961667,1.21908660162329,1213.32667248183
0.0243458237237921,0.2298514856427,1210.11156100485
0.0487106665922647,1.26868199534176,1321.14466676583
0.0527569120343538,0.796638535870345,1107.44072274089
0.0444656604261029,1.06455360812617,2489.30303959171
0.051254041440469,1.47611252950106,1484.68466120833
0.0456550792540077,3.48081485993486,1176.20365524404
0.0435085767798965,0.90479080668797,996.374714953757
0.0626219002644197,2.24886392189207,1582.35759202513
0.0501458940447565,1.12154930795848,2046.41670197308
0.0557630131852582,0.490723012239853,908.186995682175
0.0706768084949118,2.31127493371948,1555.7436958745
0.0387549577018884,0.327046589336053,2223.90244041249
0.0527988257936064,1.33158734293806,1471.79260498728
0.11272420516536,0.774106350949721,1117.874422197
0.0395265562804437,0.421630283887599,1197.57118143395
0.0258064761533715,0.887465653346559,1262.40626052647
0.0684142005771347,0.909202042866176,1095.89877182746
0.0293395975139176,1.991812005402,1423.35230996713
0.0301985274158074,0.552669148255711,1407.33248349735
0.025473756971337,4.30574604885104,1096.3729900064
0.0856250693748644,1.04739380427909,1373.97484539198
0.0726170367977852,0.430370355395973,1313.42152261393
0.0218951163359129,4.62783701711516,1645.23964262907
0.0291135627485155,3.27548479107417,1385.34607922515
0.0704305998769521,0.815178944064972,1064.99503943846
0.0355552541913892,1.12046849095819,1123.93758234974
0.0492147226345741,0.950418554141016,1370.75856769747
0.0678525262276403,1.26188371089266,2027.48995466634
0.0272351776092388,0.560363122520804,1519.00373502986
0.0812215380943584,2.01138945509171,1162.28856527959
0.0217964407368627,9.19266254244223,1064.99541561483
0.102121054295835,2.14150853485372,1879.66769453539
0.0858392610885043,1.87782732686025,2215.05342043797
0.0686203836813443,0.78393144099272,1203.46286479917
0.0284420987425564,0.721340760603517,1904.47692613817
0.0629208014595092,1.98062681093147,2571.48324562848
0.056041979112252,1.06949684372605,2048.03955994756
0.056418791094659,0.803602331208378,1529.5559968786
0.0758339401975047,1.42688211156474,1095.57440280178
0.0339727812406879,0.607137802359404,1264.82364451219
0.0443120468848846,2.21208633742936,1190.1822917381
0.0342174115988885,0.986438890862703,2064.82743142124
0.0267167625895739,1.21808497417037,1667.76131984206
0.0319549108842437,1.47172658665032,1925.46107703074
0.115618378511632,2.68116176996284,1696.86589458392
0.0767989530614142,1.22361782228728,2029.79672519677
0.0444798533504589,1.29191964621224,1120.19514309614
0.0235535799317018,1.7682136855447,1804.6401833638
0.0725388313287596,1.05607820990411,1799.42160828457
0.0450302901872654,0.60544466192486,1015.91215159831
0.119401881769217,2.03197347679295,1944.63754672894
0.0175149923555802,1.90876814112513,1866.70113623748
0.0292024945174081,0.692921031123756,1279.32361653582
0.0550468337341477,2.61942835278333,1159.68582815922
0.0553333369378297,0.330970056013074,1088.63457720657
0.0715027797112674,0.354270506031656,2176.53089534902
0.0477032031010023,1.25556957414186,1461.04701552721
0.0470267516699683,0.581128640745551,1334.58025944968
0.0428647273517438,1.39219142757218,942.030422892519
0.018585764324789,1.2511855417065,1857.52378763604
0.0499163841248048,1.04850761959916,1558.55087827753
0.0260236107336427,0.901863782119285,948.518040232478
0.0685507364397252,1.02326244948481,1243.10970267401
0.0417941066715738,2.78079665308616,1690.58699329838
0.0252779960057787,1.28487796530661,1779.68042219938
0.00922372432898661,2.71500438615452,1294.4814545002
0.0379753343985075,0.679687494770042,1569.70214755523
0.0502299762366642,1.03490567626776,822.61662916468
0.0268452233519405,0.525397222669324,2605.9326675792
0.137081563984546,1.7763569947916,1082.42115301981
0.0820562347945118,2.66069019380137,4026.67855559425
0.0499769260442107,0.587600207209451,1567.86599126479
0.105844540206579,0.88376473575992,1635.51984696428
0.0456303389421971,0.902071080014969,1331.6494648721
0.0376410976712237,1.02604925708337,1878.08477151361
0.143337685977413,0.830500862695369,1229.60953457131
0.0505547297453754,1.40993628430415,1700.76658897276
0.0476689695728914,0.544365175056774,1187.88338755875
0.121427623356442,1.93573850061035,720.268598376983
0.038534966268053,1.93314870478762,1387.54400187403
0.0822920366246458,2.89678801431454,1351.44826829304
0.0491400602445516,4.23658087176499,1695.49212807778
0.022147263297551,1.75446455424561,1106.62336901025
0.049165164336286,3.54822757359846,1860.6727984105
0.037748113334701,1.72207246787727,1415.13079830147
0.0319451857582831,1.11464918656942,1264.24375919744
0.0370989472170532,0.661377480496372,1372.24567581007
0.118755156612254,6.04236131403931,836.385485447091
0.0425697416739287,1.43641598516761,1142.04849381239
0.0813369378082083,0.784872679635807,894.878307491272
0.0881680424375658,0.571831895431659,1205.2961545036
0.0507017204252254,0.732412654930039,1265.6411721091
0.0298913071701488,0.379286551273625,1293.61627595986
0.0270336325182594,1.36298662260559,1085.8820076742
0.0972087815170164,1.02134686813346,1290.10347153146
0.0542635394390729,0.416581921318251,1665.04059264196
0.058666490775634,0.546915015617327,1712.89038722555
0.0186320318358568,1.05031178605307,1516.25007224011
0.0197311555138125,1.59335850991088,2260.64143268787
0.0272964551492295,1.80057222837849,2010.1193596146
0.147320193969276,0.648056354816566,1329.71580987713
0.0972935241368214,1.02686161459851,1711.80112117298
0.022894588126047,0.352418066169976,1634.34065868948
0.0286258480044235,0.942239717717721,1097.24584764205
0.0287951197673943,0.750298452436919,1166.64663294791
0.0599657299479685,3.26230461361925,1947.03836539433
0.0476685642671802,0.89849237866244,1335.06079651943
0.0490179851987901,0.717065862207711,1158.39248489054
0.0294658982479523,1.0431917949769,1171.84886380539
0.059653810244264,2.2200184988987,1929.63491491436
0.0307978443446596,2.09013335603444,1420.20732362701
0.0116000845309158,0.655105329780239,1447.65773284394
0.0799436746132232,2.05937894649587,1256.94147235308
0.0395615276514793,1.89000854442013,1498.12359095431
0.0825394344542816,1.30976416158665,1719.51503420244
0.080797701321747,0.939026514924593,1707.38154392034
0.0590935542191954,0.605340094198243,1246.97358612469
0.0143214587103215,0.968515933301367,987.684807161802
0.0214856162630864,3.05172530275821,1306.81813613906
0.0271096887685895,2.7258923134678,1314.35438166353
0.0208574188939041,1.0253108551748,1441.00438239258
0.0285083468349751,1.63828991867606,1500.8954229051
0.034061536290135,1.16968937686587,1719.85903591066
0.0439893552729907,0.52432004755419,1389.56471433172
0.0279441697116569,1.39777398978844,1652.84989945671
0.0804339673903279,1.79710182272337,1909.45859139843
0.0240473051673257,2.01326656545621,2005.03638965931
0.0449539642572073,3.8910122371153,2120.99144161008
0.0310967403675503,1.62404320953843,1608.83010262234
0.0638630036549233,2.61762898598998,1651.8345368035
0.0273567048269376,3.39900447209995,1191.59617944808
0.208876750773785,1.37487845418976,1278.6624105956
0.0733939870426978,0.94201544160094,1927.60631929255
0.00815103854324504,2.11853244308952,1685.7469905956
0.0267626682383304,1.60479683072348,2878.61055167121
0.0243721053361468,0.401736444256754,1388.29550199701
0.0524792975068629,0.376765395972965,1440.14268335003
0.0343619375296191,0.782499928212794,1142.99570462838
0.0193785243853399,1.13924574406343,1160.91573029905
0.0620305349784816,3.43959136023872,1298.03262511999
0.017795389894676,0.679660967991849,1411.12051508703
0.0713271040787341,1.8419088808411,2107.0167967558
0.0265417705065353,1.16470826726369,1666.99682530286
0.0517315794134216,1.06528578326821,1977.05891048733
0.0335412020934964,2.77205174580116,1302.17958324968
0.0616571448477472,3.38843021233991,1351.12606878349
0.049044683737459,1.99118557891628,1559.59623340479
0.0613419905128895,1.13435880736689,1147.34285538675
0.050940904640726,0.899818320311705,1606.53582944053
0.0629320881485157,1.24355607249946,1761.05648715078
0.0184646289763179,0.840688359443564,1124.780406323
0.0264054067625749,0.655660884125186,1376.57418943555
0.0245260509152529,2.26835201802826,917.742414396765
0.0857303445223001,0.93924503564654,2025.46953550136
0.0466499262706239,0.942121086647676,1480.80043454857
0.0354577093694408,1.06014696967407,843.300862622311
0.0376911164958603,0.775366076453256,1850.14514134828
0.031916017342216,1.54636377714106,1845.85336524167
0.0255488751857938,2.38343741753107,1144.67465161752
0.0587142767459205,0.655138927868247,1697.87343040599
0.0582984814190757,0.969276512654872,1197.0104330764
0.0162071222858142,1.06678102313045,1651.33072965947
0.0919211958003514,0.551970941902435,1184.0545874966
0.0710596925417854,0.988771477630986,1335.64614825273
0.0468921520483809,1.19395175843139,1649.70946181029
0.0383835019823529,0.923488708690143,1237.30265723201
0.0161245158171881,1.29422251891078,1162.04198155858
0.0591369200043265,1.06045294260173,1321.62078968534
0.0346140180637806,1.08725527692221,1544.15174843998
0.033246854651708,1.9207244897191,1497.65105677856
0.0871041296724874,2.16829104814642,1025.33381167714
0.0224920293327373,0.952310671959944,1244.64078465767
0.026445782496668,0.782006183098517,1129.2416018323
0.0695243197062369,0.875804440226391,857.420088694963
0.126409735668331,0.847634091232774,1577.12665792172
0.038981400171496,0.916810886753199,1723.96372363629
0.0278225862304747,0.691353773159946,1802.29485566136
0.127807796792137,0.901137872472011,1208.40232939352
0.0340657970016377,0.47883332366412,1009.33209270286
0.0174771035060413,2.92240519567835,895.002134854183
0.0182843456929362,1.86340184109801,1769.54923075185
0.0485565093754485,2.57825524382322,1949.62405167694
0.0240226001927469,1.66667066356276,1524.84672602234
0.0340244834726129,0.986871216885548,1181.47743061855
0.102497086830416,2.17207506492933,1566.65368182298
0.0753615743434317,0.978047932833593,1306.72384150736
0.0205571960466719,0.229375135267086,2133.97628374069
0.080775807023154,2.81887796043501,1495.98907292262
0.0961182137196271,1.03043417373599,1176.32988961771
0.0223258586345328,1.29984825386402,1665.75998393304
0.0337519723986927,0.598834177073112,1582.71103895024
0.0291810466786503,1.42654290787465,1474.05873086205
0.0647737956303332,1.9567941753684,1514.31370333173
0.0181943614847807,0.966333544816992,2135.20427583953
0.0575377545477417,1.00821087681839,2980.13194857701
0.015572662503065,1.44158819777919,1696.51997621575
0.0722137515373396,0.504641489096042,1503.38766450349
0.0393688762153494,2.13773547552089,2036.63793757081
0.0350474038080506,1.63774158587625,1988.52040397101
0.0313041748743315,1.67767276611789,1038.79377986355
0.0243050758043755,1.22679795902412,1121.15661970404
0.0689523517893807,1.76943765419831,2700.28575287213
0.0289908879124459,0.485067422591563,1752.46985339822
0.0304504798251083,1.09414129093622,2231.08266976309
0.0583068175262616,0.419110478195526,1919.552689636
0.0665680346305879,0.729683019954374,1434.11511865681
0.0590218718128416,1.69108901944775,2237.98486648767
0.0552265462224114,1.41642672821016,1086.35130683601
0.0417967880821812,1.35177409851578,1093.24188066896
0.0698738596018936,2.75244471228834,1356.16375423501
0.0463251253414044,2.31640091032869,1821.46801621188
0.0476474258735201,1.18723090808234,1146.94311414581
0.0167262531589872,2.53594313491006,1514.48164585801
0.0402757893653871,3.07620784442848,1520.6484715053
0.0229492323646736,0.4641824559702,1447.06944689559
0.0470758616740472,0.574440295530417,2602.06273168701
0.0670335609455486,3.09708607302521,2036.86007435729
0.0602681557076185,0.34585722855852,1784.87124548019
0.0761436889948255,4.43839070965128,897.370216419102
0.107105906112623,1.90520545408376,1447.84590183126
0.0259663412420417,0.770985460134283,1088.56210023001
0.019214582418388,0.620459712553285,2749.94643628933
0.0289618545313611,0.573858149165145,1074.31702706493
0.0356646988649115,0.888608846096228,1150.36886605307
0.047400959846941,1.87617569252379,1513.62092477798
0.0220991157162385,1.43661156848506,2016.49566163995
0.0361481967546696,0.758721206867978,2251.74623010837
0.0209200867554512,0.63085412018547,1284.49630105802
0.046777563455896,0.691879760938484,1481.8923254695
0.0657584340984464,1.21218012447375,1441.48759369309
0.0477806320004326,0.360301614504436,2111.00009597919
0.0341847787737038,0.676087932488991,1314.27149623973
0.0297962371310973,0.811145066838071,892.096122575206
0.0339183134083196,1.00555338524057,1113.17967023914
0.0744384745556266,0.479047550857381,1991.83174462001
0.0502746768031721,2.87540840202023,1856.97626475892
0.0412592581362853,2.99671715102553,1371.66375931454
0.0533307632197091,0.846219111021442,1223.20117057831
0.0286329504216978,1.58117601487042,1347.83521351332
0.047152528032479,1.71132082373062,1462.48221492732
0.0234977730325297,0.589018040171811,1087.71702772057
0.0859889561081394,1.18072806615644,1692.12068791632
0.0841426364011672,0.955395616699022,1124.09007430688
0.0184233184924716,3.2838034414558,1721.82002762582
0.0638928198140037,0.548229805297846,1560.91212363259
0.0562662248366807,1.68255069781716,979.590290810907
0.0221517452158577,0.720420189688237,1397.61303393573
0.0500039974619678,0.993711432970732,1229.89919695643
0.0412690505711491,3.71032163508408,1578.31572474901
0.0278513254949729,2.3244592251913,1251.56640960445
0.0401809047065978,1.99854432781833,3138.82732150995
0.0506364204742882,0.560770534150812,1328.97349969009
0.0141663162268779,2.29644395989804,1439.04538886973
0.0251800526775641,0.737770530806311,1408.06690579354
0.0572503701952122,0.623354385255644,1551.98142223719
0.0391380620300395,2.92785497223363,1487.60867700039
0.066697983043401,2.73038681059955,1461.18686255668
0.0363486867190795,0.441990337660516,1810.78613824496
0.0370464553669612,1.04280016190979,2079.83957137571
0.0378916578517054,1.83622503718266,1339.34931239094
0.0958743937920454,0.487279019679909,1339.02380157462
0.021424583875206,0.64026984072079,2333.38456941961
0.0782045919285473,1.02380031796968,1478.35896370172
0.0373863740730375,0.752793275739289,1627.80655979768
0.035920318934026,1.07877252531126,1757.1607040215
0.0751425189224201,0.227676486283332,1328.87812954917
0.0955343067554761,2.42163490277892,1916.51083448393
0.0402246693978292,2.38200203205165,1420.87888123862
0.0367283216443346,1.58040148000548,1460.55559858164
0.0389836367352028,1.46250243624375,1918.13689576763
0.0670562206026919,2.15689802060584,1547.18765330327
0.0316563587222141,1.27259174890188,1654.28519148942
0.0247183642995594,0.833255433856178,1155.41492920714
0.0477935355462588,1.16205690694411,2282.4651444424
0.0664305462554143,1.28800243903766,886.30547144164
0.149788330883384,1.39632509207174,3438.26528771378
0.0316161204564774,2.12215350144522,1499.35777311871
0.0343031309832931,6.76372268434226,1644.81434803715
0.024858323587251,1.33005970214371,2446.15598427883
0.0518076273857532,0.675137386475852,1668.72818281768
0.019725790305548,1.98107034384329,899.027991792258
0.0310154898638066,1.48425975369018,2908.79578432057
0.0351589996166549,1.65759755815584,1847.17595316098
0.0320233912295045,1.3361217851967,1251.78143299757
0.0284046019180393,3.72935811711149,1823.16634435777
0.140037699089098,1.10498668935698,3203.45758794009
0.0780680105111463,0.246452075216945,1125.03003672997
0.018365241425753,0.689513595996713,969.846330271466
0.0223949088549067,1.01725224785108,2134.58696370027
0.0558699531733774,2.65958413745604,1745.99617692526
0.0506132617683063,0.77118922292812,1331.10679948279
0.0198244626831796,2.07913378329026,1473.95131350706
0.0700207940902427,0.651783830432405,1876.21962543209
0.0271325589403222,2.03010850291989,1987.75477446658
0.0343473724729246,1.47547826556234,1707.05540557146
0.0240066262702592,1.03582505006625,1312.28508873491
0.0499136921262547,1.167626863716,1444.91171583388
0.0308920168427738,0.570439508463854,1225.2290595722
0.0610009421954601,3.6678470338807,1602.81377619242
0.0257522061181148,0.622692461001294,1462.58193634509
0.0544483671276049,1.87987776040166,1970.67496451189
0.0268898430566871,2.18714202254958,1147.27242000562
0.0348401117293781,0.705157253865183,1763.88242732114
0.0261967292993176,1.31172117159499,1438.52204928662
0.107630564001495,0.872727791625794,1610.0375135188
0.0514178598817357,0.483916485662656,933.55453332405
0.100258653879073,0.455653415709372,1812.89430319157
0.0172046374857633,2.54689168438114,1413.36721556836
0.0470103566995175,1.07753862614648,1494.6481286089
0.105888986785523,2.10488674206103,1801.69171900392
0.0363867534687959,0.753698294454839,1271.26047657899
0.0294299860476061,2.73598456692905,2380.871372923
0.0419460431112266,1.58870930173611,1383.3615159292
0.0504387948253793,3.89054161918469,1122.78170860945
0.0355771164439101,0.842894447782815,1701.57990591173
0.0418471380416117,1.15160680989776,1765.38047179505
0.0464804008540673,0.853996295214059,1481.81059897481
0.089669528794379,3.56157997031865,2113.79596632349
0.0244503184240496,1.30128487813635,1493.80742120795
0.0501902184278856,0.927649267075103,1657.08189466717
0.0186242581990117,0.484943944987118,1557.50355061526
0.0408115555121866,0.821288228931842,1344.21109937861
0.0325758378130061,0.87385507276013,1538.57997036214
0.0524847627130712,1.19709849618022,1316.24328441472
0.0545919065340768,1.87999787006989,1735.35873791636
0.0407000012405564,2.21318833315379,956.335435089461
0.0131106022531824,0.574858409505433,1860.62509948198
0.0254027505141742,0.99504080587832,2567.53326765938
0.0389561864945342,0.622063478505306,1706.88534777843
0.0814315332138041,0.502120546408902,820.769720657854
0.0431641375427714,3.57957372210122,999.325340079941
0.0285038648826117,1.95477116479941,1259.75908532545
0.0481863922066636,0.647656016342581,1657.1034472309
0.0260593922491353,1.50722829954196,2154.63251265064
0.0606000433947895,1.64093371324744,1858.52186254494
0.0284470763338611,1.97790236256962,1886.92534224415
0.0399056750615396,5.26836870885414,1403.9759086171
0.0232098543352796,5.10056508411507,1245.68258477146
0.0390233350813161,0.933658980313555,957.440770654622
0.0231430266081357,3.51313213215408,1075.56248193167
0.0249397536097422,0.791625268392381,1728.4723347365
0.0319172597099475,0.800300157385461,1254.02949102106
0.0279198846385728,0.971543573105468,1120.40667514546
0.0230945066392476,0.791968174890736,960.339161738314
0.0441296162346346,0.507834119973989,3347.15554974602
0.0612667946594647,0.601348589353235,2013.26076462496
0.0194127781800926,0.870035820112252,1399.22631861156
0.0499704497524535,0.855315438638716,1944.68437642329
0.0194148478233016,2.61606742401374,1079.92752486622
0.0259239423268791,1.68596668113251,1177.32794343577
0.0329600825977047,2.6897796155234,1153.13069021473
0.034166381012569,0.74322983783548,1626.10581085586
0.0420175930824186,0.499013790465869,1125.46997380796
0.0513593673224818,0.673568740050712,1313.61731998663
0.069154269705915,2.10683111715109,1773.91572402604
0.0210337607137793,0.770008864501986,1647.0012776517
0.031908582750674,0.878454716917913,1661.38871915697
0.0352984799476878,0.638802631230178,965.713344178115
0.0592598272442508,1.20213039959363,1181.42260439465
0.0416959572697433,2.29422017265205,1987.01981821797
0.0185461460723687,0.73197933288601,1512.95596906009
0.0696854398589056,2.07681227883645,1211.20339752305
0.105593493969462,0.752254001098075,1484.46633998209
