"load_Dach","load_Strasse","load_Hof","load_Putzfassade","load_total"
136.408775248056,975.055634322179,0,0,1111.46440957024
184.698155421523,1791.63652859106,0,0,1976.33468401258
185.697181537406,1521.70078071863,0,0,1707.39796225603
213.655482547003,2573.38721075139,0,0,2787.04269329839
364.530256532798,1400.40699815118,0,0,1764.93725468397
458.354984750506,787.005314643658,0,0,1245.36029939416
271.429912366806,1741.24502175936,0,0,2012.67493412616
300.007282681988,1140.48756179625,0,0,1440.49484447823
704.698615860286,1646.1250952845,0,0,2350.82371114478
285.796897136598,1311.12809999335,0,0,1596.92499712995
231.822561716452,1187.34171989041,0,0,1419.16428160686
100.205542968804,1484.60356138174,0,0,1584.80910435055
148.503053376565,1223.89846579881,0,0,1372.40151917537
122.897582689557,2073.83824650323,0,0,2196.73582919278
308.613250144685,1673.47295846886,0,0,1982.08620861355
268.788974145192,1180.1671082004,0,0,1448.95608234559
101.39799211918,1202.90694526426,0,0,1304.30493738343
117.237539350173,1337.70745691613,0,0,1454.9449962663
214.66740346461,1833.45254806619,0,0,2048.1199515308
162.476801834808,1776.28517267073,0,0,1938.76197450554
374.212388728257,1384.05704683449,0,0,1758.26943556275
346.465480574893,1301.68425851027,0,0,1648.14973908516
487.855618673929,1356.11076175804,0,0,1843.96638043197
131.195274615592,2882.32004521999,0,0,3013.51531983558
131.256025812062,1723.00419168234,0,0,1854.2602174944
163.451182240828,1032.77327162891,0,0,1196.22445386974
153.183655342261,1135.18549236073,0,0,1288.36914770299
315.893225465232,2587.99308551008,0,0,2903.88631097531
416.109083200491,1286.44855718604,0,0,1702.55764038653
163.114709144658,834.273854105808,0,0,997.388563250465
506.722038854024,1486.43856253272,0,0,1993.16060138675
115.988078016167,1486.06777085401,0,0,1602.05584887018
146.836757724044,916.259814236181,0,0,1063.09657196022
175.166557537701,1222.43516157951,0,0,1397.60171911721
136.080867678577,1345.06499687034,0,0,1481.14586454891
540.872576637396,1356.489663474,0,0,1897.36224011139
96.642347017587,781.373504213596,0,0,878.015851231184
374.489936632408,1619.26203829788,0,0,1993.75197493029
175.590469709579,1688.37565321964,0,0,1863.96612292922
201.511580705433,1881.60180556486,0,0,2083.11338627029
167.950201584367,1181.90936425745,0,0,1349.85956584182
145.979312031788,1597.57935316193,0,0,1743.55866519371
265.944265120125,1356.97727180935,0,0,1622.92153692947
141.760527914058,1163.67682238051,0,0,1305.43735029456
394.140762584901,1433.0341870371,0,0,1827.174949622
157.36598224601,1934.86163607068,0,0,2092.22761831669
171.32278607993,841.439305549195,0,0,1012.76209162912
115.629017532701,1269.76667036548,0,0,1385.39568789818
122.425478893028,1156.93658767771,0,0,1279.36206657074
124.357941285102,1599.98329927045,0,0,1724.34124055555
228.119075099739,754.06476507863,0,0,982.183840178369
130.90651572065,2752.89086765611,0,0,2883.79738337676
263.857757491822,852.464145088354,0,0,1116.32190258018
1391.90309584644,2311.88644043057,0,0,3703.789536277
169.398991511696,955.754851893697,0,0,1125.15384340539
194.256853471274,1778.79768227922,0,0,1973.05453575049
179.858468885272,775.592303159533,0,0,955.450772044806
158.988602599237,1090.65361985812,0,0,1249.64222245736
533.855161847189,1423.14196079884,0,0,1956.99712264603
348.429190228729,724.70440860152,0,0,1073.13359883025
266.090213543913,723.554683006815,0,0,989.644896550729
605.840458705075,1061.08634630694,0,0,1666.92680501201
149.824690172941,846.044361579221,0,0,995.869051752163
228.551633188605,1189.03834916118,0,0,1417.58998234978
196.15615021446,1575.18636462628,0,0,1771.34251484074
227.522605244007,2063.70873579958,0,0,2291.23134104359
242.448063997674,1415.47500701709,0,0,1657.92307101476
134.651380963485,1006.4869367727,0,0,1141.13831773618
195.19471840042,1496.06667881852,0,0,1691.26139721894
373.378603623378,2291.31226336152,0,0,2664.6908669849
119.384801922221,1204.38985601129,0,0,1323.77465793351
243.556402835904,1597.05363022313,0,0,1840.61003305903
397.111809835145,1166.21439909827,0,0,1563.32620893342
108.222314083821,1136.70831088303,0,0,1244.93062496685
781.003706081906,737.309712089649,0,0,1518.31341817155
265.535400626191,712.621195000765,0,0,978.156595626956
110.517839843918,1814.53938411633,0,0,1925.05722396025
95.9725296947662,1797.15226617251,0,0,1893.12479586728
144.79112809234,1128.91369365523,0,0,1273.70482174757
320.631354404736,1820.40983710068,0,0,2141.04119150542
132.415154787274,1225.01820302007,0,0,1357.43335780734
176.18872885088,1377.67710217091,0,0,1553.86583102179
277.729639052974,1002.70265410341,0,0,1280.43229315639
256.780320565618,1466.8600621122,0,0,1723.64038267781
121.542449175973,1268.94284291611,0,0,1390.48529209208
184.596676131036,1191.48811636099,0,0,1376.08479249202
226.193056057837,954.083574971172,0,0,1180.27663102901
187.469165782596,988.475464571761,0,0,1175.94463035436
141.346993596757,793.652143916946,0,0,934.999137513703
243.876650430483,1623.55141344635,0,0,1867.42806387683
186.251980984985,3128.79920436185,0,0,3315.05118534683
162.170354907843,769.789451292646,0,0,931.959806200489
244.307274300211,2471.40546758235,0,0,2715.71274188256
298.588801671899,1419.19270898448,0,0,1717.78151065638
132.079517159728,1175.26253640023,0,0,1307.34205355996
114.764966263702,1808.79820102035,0,0,1923.56316728405
277.229632715151,1858.89045480425,0,0,2136.1200875194
99.0874912085742,1051.88203096224,0,0,1150.96952217081
303.035146932956,1255.7502545371,0,0,1558.78540147006
199.142396940646,2225.09711391289,0,0,2424.23951085354
209.756354949178,1079.59964173595,0,0,1289.35599668513
168.956598612355,963.649930006081,0,0,1132.60652861844
198.008712651418,645.358052608492,0,0,843.36676525991
215.021992618898,1066.30957275322,0,0,1281.33156537212
207.640982972437,1668.4528917321,0,0,1876.09387470454
149.337591902744,764.304923739297,0,0,913.642515642041
574.530100203057,1264.19374306213,0,0,1838.72384326519
147.364178570212,1262.90639263959,0,0,1410.27057120981
180.742307244728,1612.94812749656,0,0,1793.69043474129
199.818129276011,1488.14722102058,0,0,1687.96535029659
184.642313682346,1238.07383142505,0,0,1422.71614510739
260.830700599655,1226.8215219858,0,0,1487.65222258546
318.850391437044,1283.05283036427,0,0,1601.90322180132
134.599859498213,3560.60117044326,0,0,3695.20102994148
348.237505533405,2416.18899271013,0,0,2764.42649824353
244.453563017558,1447.29219955216,0,0,1691.74576256972
443.219398728412,2198.90372838955,0,0,2642.12312711796
363.212259567347,1590.14672852074,0,0,1953.35898808808
248.508451796428,910.870720647905,0,0,1159.37917244433
119.241217695342,771.673712514519,0,0,890.914930209862
154.828540701172,1447.97073457696,0,0,1602.79927527813
210.092859230998,1357.0111714533,0,0,1567.10403068429
128.124849698273,1026.53674518539,0,0,1154.66159488366
163.955395782888,1881.96262801165,0,0,2045.91802379454
176.408716087789,656.043889913536,0,0,832.452606001325
154.236931571493,1437.46112644813,0,0,1591.69805801963
270.787801683548,1215.21604850017,0,0,1486.00385018372
146.42207405725,1524.09835289647,0,0,1670.52042695372
351.885987327263,1709.88696474132,0,0,2061.77295206858
340.167213323786,1253.43442959784,0,0,1593.60164292163
294.447607340358,1127.96559658386,0,0,1422.41320392422
251.992314575955,1028.05963877373,0,0,1280.05195334969
351.109584249563,2134.23384865254,0,0,2485.34343290211
283.127608860064,1658.05814876922,0,0,1941.18575762928
144.084527713194,1247.08659990695,0,0,1391.17112762015
229.188376275877,1748.98999194278,0,0,1978.17836821865
318.758179099555,1320.70469508908,0,0,1639.46287418863
133.256015813702,2104.9860551381,0,0,2238.2420709518
401.214927984349,1074.52940373111,0,0,1475.74433171546
1205.36083059107,1936.51971371615,0,0,3141.88054430722
218.603350555319,965.803204395925,0,0,1184.40655495124
137.341457303489,2245.60672072617,0,0,2382.94817802966
361.160258530896,1868.12093161918,0,0,2229.28119015007
413.17457263745,3787.23712760115,0,0,4200.4117002386
268.861698517504,1214.2476324894,0,0,1483.10933100691
249.972946057485,927.802688810468,0,0,1177.77563486795
289.969267804097,1066.5185135598,0,0,1356.4877813639
167.188230130672,1566.22302066371,0,0,1733.41125079438
168.182319734212,1421.8259707077,0,0,1590.00829044191
270.494699490604,1047.55621099641,0,0,1318.05091048702
96.7745199179698,1029.63038864247,0,0,1126.40490856044
117.197870647673,2120.47867135618,0,0,2237.67654200385
151.688826103288,982.383632992213,0,0,1134.0724590955
204.854652722811,1460.80461297861,0,0,1665.65926570142
183.980491400381,3088.29971087603,0,0,3272.28020227641
848.915932410131,1574.48983450039,0,0,2423.40576691052
306.34278574146,2107.46264435991,0,0,2413.80543010137
216.335157319654,876.230957594491,0,0,1092.56611491414
71.4346823075347,955.199176680752,0,0,1026.63385898829
226.640376403047,1147.0109349212,0,0,1373.65131132424
167.263854627495,1761.68595796152,0,0,1928.94981258901
154.808937951315,1413.38180103306,0,0,1568.19073898438
236.742835314877,952.448606935559,0,0,1189.19144225044
312.865205687506,1208.6093337251,0,0,1521.47453941261
176.665717395483,1341.82375346681,0,0,1518.4894708623
245.299646104715,1465.08787343433,0,0,1710.38751953905
213.011662977248,1576.58611046141,0,0,1789.59777343866
205.089517358279,1330.83713137276,0,0,1535.92664873104
336.900346782672,1587.77044464892,0,0,1924.67079143159
289.120089081677,1667.53930037274,0,0,1956.65938945442
531.631681241823,5648.92087896178,0,0,6180.55256020361
142.409561457647,1251.018707078,0,0,1393.42826853564
149.32158475648,755.250102343948,0,0,904.571687100428
228.469634906066,1064.32258902259,0,0,1292.79222392865
179.413839452249,897.865764198793,0,0,1077.27960365104
1428.9813849903,1252.12067582034,0,0,2681.10206081063
294.417832515566,1771.83712742857,0,0,2066.25495994414
235.049043154625,983.796720056607,0,0,1218.84576321123
133.336512970597,2096.61688458503,0,0,2229.95339755563
507.004022571541,991.619470171387,0,0,1498.62349274293
294.740343874129,731.538051685392,0,0,1026.27839555952
162.799563656165,1750.88685736956,0,0,1913.68642102572
329.708690809216,1023.28544067708,0,0,1352.9941314863
257.377414141851,939.119140875372,0,0,1196.49655501722
218.512966234078,1410.26631825795,0,0,1628.77928449203
147.073003874017,1678.86267546568,0,0,1825.9356793397
150.884756016761,930.674171755265,0,0,1081.55892777203
205.602833209706,817.536383186093,0,0,1023.1392163958
402.283926747001,1946.78280798215,0,0,2349.06673472915
253.858604769549,2378.62030519945,0,0,2632.478909969
101.406979623613,1188.63956474187,0,0,1290.04654436548
119.912812371365,1354.32375465397,0,0,1474.23656702533
603.222670878423,1836.54268010028,0,0,2439.76535097871
134.940446907718,794.605117444886,0,0,929.545564352604
137.245400209895,767.429643954214,0,0,904.67504416411
770.627082722194,891.631346927389,0,0,1662.25842964958
244.544248775807,1549.43236458709,0,0,1793.97661336289
351.221261279942,1456.83662023604,0,0,1808.05788151599
159.798959286156,917.52126506985,0,0,1077.32022435601
325.946509367026,929.633430101234,0,0,1255.57993946826
193.646509278363,1995.46620265386,0,0,2189.11271193222
111.490241414933,1082.02039991007,0,0,1193.510641325
342.464308294927,1117.56139395963,0,0,1460.02570225455
282.507019208205,1087.22771058496,0,0,1369.73472979317
200.822383090353,1076.21655480343,0,0,1277.03893789378
206.705310152261,1256.20919120991,0,0,1462.91450136217
191.61227977722,730.512581270414,0,0,922.124861047634
139.312588422688,2332.88519692856,0,0,2472.19778535125
162.551169869009,1020.30189893626,0,0,1182.85306880527
189.533999612656,1184.49789676197,0,0,1374.03189637462
260.169149021754,1973.9531702809,0,0,2234.12231930266
164.608821728077,1088.41064161957,0,0,1253.01946334765
196.04969846853,1127.58867673345,0,0,1323.63837520198
178.791655577261,1275.81923483739,0,0,1454.61089041465
130.155675607369,1085.36044817717,0,0,1215.51612378454
348.568691922648,1363.49208009189,0,0,1712.06077201454
376.146835755703,1512.43557850598,0,0,1888.58241426168
145.497300312246,832.362996933997,0,0,977.860297246243
170.90178641676,1120.25782350461,0,0,1291.15960992137
129.901272328512,1100.75192194046,0,0,1230.65319426897
171.358158355418,2137.2952186582,0,0,2308.65337701361
390.526406426979,1194.87204068249,0,0,1585.39844710947
427.523328667932,960.422939139292,0,0,1387.94626780722
462.762558794243,2869.41337066515,0,0,3332.17592945939
333.692200856918,4178.8229812813,0,0,4512.51518213822
290.224262883826,2000.36515977131,0,0,2290.58942265513
238.853604295344,946.266200448468,0,0,1185.11980474381
106.745592497559,1285.48665368828,0,0,1392.23224618584
420.426745546434,1188.15615897989,0,0,1608.58290452633
142.118884008797,792.230818384825,0,0,934.349702393622
424.016278263278,1211.96577605223,0,0,1635.98205431551
241.99216546779,2127.2476618493,0,0,2369.23982731709
306.220869929043,1156.13367281543,0,0,1462.35454274447
359.765915698753,1265.16698045921,0,0,1624.93289615796
114.263570048,1375.70517387104,0,0,1489.96874391904
451.010865584745,1167.50674049911,0,0,1618.51760608386
289.317492328965,1261.06621478978,0,0,1550.38370711875
209.373205284347,800.672453380334,0,0,1010.04565866468
200.415191432737,1196.46931429553,0,0,1396.88450572827
138.446562542981,1027.27355186747,0,0,1165.72011441046
1059.42135843888,1062.35880153946,0,0,2121.78015997834
345.764853552939,1356.91198876908,0,0,1702.67684232202
138.447455895301,1835.16622907526,0,0,1973.61368497056
295.678948626051,2231.76605166793,0,0,2527.44500029398
149.18708845581,1051.98066460285,0,0,1201.16775305866
276.513538799793,700.709522871619,0,0,977.223061671412
282.519406557308,1913.14417376242,0,0,2195.66358031973
224.814209546702,3125.2726491676,0,0,3350.0868587143
206.489768587787,853.201124182552,0,0,1059.69089277034
197.707249985498,730.535371484143,0,0,928.242621469641
257.655376926454,2050.99975396341,0,0,2308.65513088986
811.053354566355,3134.07717240276,0,0,3945.13052696911
424.579980431002,886.683546496617,0,0,1311.26352692762
309.452408513728,1144.82507872059,0,0,1454.27748723432
241.624999582832,3002.00048237116,0,0,3243.62548195399
247.893962984789,1078.2933746849,0,0,1326.18733766968
132.229212129709,1528.93792978677,0,0,1661.16714191648
265.481607625428,1614.09838723962,0,0,1879.57999486505
135.507449275766,2281.16701726493,0,0,2416.6744665407
267.251313200195,882.021226250497,0,0,1149.27253945069
324.211308715336,993.324210516054,0,0,1317.53551923139
142.646073081693,1112.95062660939,0,0,1255.59669969108
188.036500215656,1399.61210594639,0,0,1587.64860616204
530.93742728436,1140.80000994864,0,0,1671.73743723301
201.909183152819,971.261089110365,0,0,1173.17027226318
172.765864933514,891.310924346639,0,0,1064.07678928015
278.256556521312,1369.7343991442,0,0,1647.99095566551
415.163819984201,1825.08319757911,0,0,2240.24701756331
395.516152710664,1523.60400718623,0,0,1919.12015989689
147.899063499878,1880.82546711717,0,0,2028.72453061705
268.135089734688,1126.42076677218,0,0,1394.55585650687
139.509030897682,1211.58485683114,0,0,1351.09388772882
161.025483054534,1871.47294439074,0,0,2032.49842744527
151.217582828728,1940.00979228906,0,0,2091.22737511779
276.61175286394,1668.53664094325,0,0,1945.14839380719
260.772993168974,1587.89403629286,0,0,1848.66702946184
269.512567857849,1098.60603673819,0,0,1368.11860459604
96.5922333069825,1766.49643351976,0,0,1863.08866682674
134.451560089251,784.271673835383,0,0,918.723233924634
116.222936322507,1202.68792927752,0,0,1318.91086560003
282.208220352452,1024.88643408089,0,0,1307.09465443334
209.218751324081,1049.73344784872,0,0,1258.9521991728
270.746681402026,1877.18326793695,0,0,2147.92994933898
188.871594497962,943.208931052598,0,0,1132.08052555056
243.138888175718,1356.17434167796,0,0,1599.31322985368
390.929206039765,1175.54871735689,0,0,1566.47792339666
103.77186603596,1312.51910800563,0,0,1416.29097404159
160.304059951162,1307.80848426337,0,0,1468.11254421453
157.424722478895,921.542307080376,0,0,1078.96702955927
221.303995591811,1630.58248000209,0,0,1851.8864755939
437.139736260343,1402.51143312684,0,0,1839.65116938719
274.45768323195,1526.21976020247,0,0,1800.67744343442
262.092331238554,1567.77529756294,0,0,1829.86762880149
222.858936340057,1040.69313367919,0,0,1263.55207001925
91.2675907070058,999.076715914914,0,0,1090.34430662192
477.335299010033,1277.14435703818,0,0,1754.47965604821
155.76819472243,1463.84277321512,0,0,1619.61096793755
196.840096775664,1671.44417529772,0,0,1868.28427207338
368.530062309895,1153.96332586818,0,0,1522.49338817808
131.650606703178,1026.48130648756,0,0,1158.13191319074
175.999484444705,2233.17702401911,0,0,2409.17650846382
234.487446616071,1756.22091653203,0,0,1990.7083631481
256.815105256502,1558.45639657065,0,0,1815.27150182715
307.392519752074,1481.20588181557,0,0,1788.59840156764
178.451265063076,647.109243865458,0,0,825.560508928534
262.586215021323,1061.68170557512,0,0,1324.26792059645
246.367666060941,1782.73631006518,0,0,2029.10397612612
207.265574597835,1449.53817036401,0,0,1656.80374496184
622.020565080338,1164.47132308554,0,0,1786.49188816588
241.669980278644,1315.33477703245,0,0,1557.00475731109
237.275403096628,612.946725615683,0,0,850.222128712311
358.989575586614,662.719615872873,0,0,1021.70919145949
162.768134633679,1237.15369036224,0,0,1399.92182499592
252.643918961118,921.934448033754,0,0,1174.57836699487
385.785456384044,1116.91645123278,0,0,1502.70190761683
167.281826313807,1119.42066872923,0,0,1286.70249504304
255.518875671304,1228.16747184668,0,0,1483.68634751798
193.584853548301,972.553764556891,0,0,1166.13861810519
196.486002251306,1601.17962431957,0,0,1797.66562657087
826.994642170332,1152.41461369069,0,0,1979.40925586102
136.460133315575,1349.60718920428,0,0,1486.06732251985
195.508560777768,910.39213826887,0,0,1105.90069904664
208.90024900892,1249.74883733034,0,0,1458.64908633926
135.73435957289,930.142149759996,0,0,1065.87650933289
171.226046486208,2051.16069402764,0,0,2222.38674051384
120.824281413598,1297.43167767933,0,0,1418.25595909292
135.634696177888,817.850494518092,0,0,953.485190695981
846.107469086711,1483.51611988851,0,0,2329.62358897522
226.789147547511,1142.67020622033,0,0,1369.45935376784
315.46555006241,967.561949424048,0,0,1283.02749948646
637.996578570629,1402.1120630292,0,0,2040.10864159983
152.944433629283,1079.49873974254,0,0,1232.44317337182
241.685430955988,1709.49271183511,0,0,1951.1781427911
271.661609173085,1418.68672233328,0,0,1690.34833150637
114.520897371156,2128.91718815841,0,0,2243.43808552957
280.407688565586,1282.03785088694,0,0,1562.44553945253
116.235019181248,1077.26542631937,0,0,1193.50044550062
181.683393872418,1419.77740990256,0,0,1601.46080377498
281.746868577043,803.269142239824,0,0,1085.01601081687
115.141623231814,1386.26306378093,0,0,1501.40468701274
249.471641573893,1665.12144504146,0,0,1914.59308661535
93.9833363580125,1396.97802448294,0,0,1490.96136084095
167.099995491877,998.835482502644,0,0,1165.93547799452
203.563325853471,1471.70300489643,0,0,1675.2663307499
271.683792778825,655.901667215584,0,0,927.585459994409
257.467433583585,1354.8987448996,0,0,1612.36617848319
145.392076628629,1168.70754490369,0,0,1314.09962153232
237.882767674713,2017.46512367603,0,0,2255.34789135074
201.101562368087,957.637408054586,0,0,1158.73897042267
423.885420689709,1620.9121046733,0,0,2044.79752536301
248.460303003923,676.298699096597,0,0,924.75900210052
91.1544980310853,1029.90422236498,0,0,1121.05872039607
246.164566401639,1382.06729680829,0,0,1628.23186320993
193.638565288262,1032.57923140079,0,0,1226.21779668905
193.4011631773,1224.47838676793,0,0,1417.87954994523
144.642493020028,977.208813335587,0,0,1121.85130635562
189.834357909159,1373.98398316925,0,0,1563.81834107841
153.240713449552,1644.60537446198,0,0,1797.84608791153
339.2176448505,1590.90118583213,0,0,1930.11883068263
336.158297312237,1809.06389880383,0,0,2145.22219611606
243.290857151177,2643.89182220611,0,0,2887.18267935729
146.066823028428,1461.55361120412,0,0,1607.62043423255
190.722306439339,1136.61735821367,0,0,1327.33966465301
99.9226085789788,1731.21697853838,0,0,1831.13958711736
91.7181242336465,2113.94604501607,0,0,2205.66416924971
127.087441836111,1306.11921023129,0,0,1433.2066520674
249.446871363348,2487.55961662631,0,0,2737.00648798966
132.846568329804,1359.97631841664,0,0,1492.82288674645
190.657220580695,1643.36626781041,0,0,1834.02348839111
247.303027009327,739.968233388878,0,0,987.271260398205
241.136908782937,953.209921088157,0,0,1194.34682987109
411.296263508086,1287.70517911249,0,0,1699.00144262057
245.772930922339,1023.29631809015,0,0,1269.06924901249
247.665661653021,1695.05760962902,0,0,1942.72327128204
252.227672080794,736.893476190653,0,0,989.121148271447
444.118770969907,1833.64629399099,0,0,2277.76506496089
163.156514271866,1022.46659864451,0,0,1185.62311291638
375.47851072776,1758.11393099003,0,0,2133.59244171779
213.438250614479,2077.02441835298,0,0,2290.46266896746
333.049893032143,1160.34271681144,0,0,1493.39260984358
338.191712570284,1743.91191093351,0,0,2082.10362350379
249.709664141589,2829.9327431134,0,0,3079.64240725499
117.340691403237,1253.992910328,0,0,1371.33360173123
210.440867011721,1784.53326047946,0,0,1994.97412749118
153.471362355634,1034.085490929,0,0,1187.55685328463
121.222113830697,1351.58938126421,0,0,1472.81149509491
253.881753962796,1979.63948197803,0,0,2233.52123594082
179.487899111447,1013.18537304504,0,0,1192.67327215649
109.479180825629,1024.75654982124,0,0,1134.23573064687
176.882645066657,1199.74160066101,0,0,1376.62424572766
124.627431338567,1419.19242046222,0,0,1543.81985180079
243.549093514161,984.516142654704,0,0,1228.06523616887
115.361166589833,937.124454893025,0,0,1052.48562148286
201.689009875208,1128.49264791237,0,0,1330.18165778758
125.667924139117,956.261029000981,0,0,1081.9289531401
214.302279763719,1579.76896595904,0,0,1794.07124572276
197.976795901144,1104.61580734675,0,0,1302.59260324789
219.59025100706,1025.36113078509,0,0,1244.95138179215
735.759084150702,1800.98669735015,0,0,2536.74578150085
349.840668552068,1284.41075722444,0,0,1634.25142577651
234.778121484473,2218.35533616538,0,0,2453.13345764985
499.068104653632,1246.45419473114,0,0,1745.52229938477
416.170821272065,877.049762055365,0,0,1293.22058332743
306.562001329744,1557.62710695743,0,0,1864.18910828717
138.244997218159,1651.96171828411,0,0,1790.20671550227
240.064932177211,2437.99663421323,0,0,2678.06156639044
112.859679654139,788.177143739736,0,0,901.036823393875
468.830542597376,1153.40863631683,0,0,1622.23917891421
320.498524551666,859.122169725538,0,0,1179.6206942772
193.240977923258,1057.89549849883,0,0,1251.13647642208
228.623606383504,698.101406990829,0,0,926.725013374334
282.813454676192,6579.96276084233,0,0,6862.77621551852
125.060153646165,2036.80010974125,0,0,2161.86026338741
199.430462674691,1617.59772461554,0,0,1817.02818729023
208.819313854966,973.315665717355,0,0,1182.13497957232
194.936201006905,2662.69765935878,0,0,2857.63386036568
178.997746164484,1451.48602547541,0,0,1630.4837716399
183.027942750789,1324.56122315043,0,0,1507.58916590122
577.371578246467,873.664009017598,0,0,1451.03558726407
313.004534174121,1948.15618381779,0,0,2261.16071799191
159.850043894934,1058.31245561731,0,0,1218.16249951225
429.471607847565,1314.40517000756,0,0,1743.87677785513
2037.00642607269,1658.00306352829,0,0,3695.00948960099
312.960819804035,2595.48906143581,0,0,2908.44988123985
511.383223330467,2468.43353646726,0,0,2979.81675979773
158.253506932179,803.928043336167,0,0,962.181550268346
137.078442518805,741.095361586821,0,0,878.173804105626
347.689192661643,1662.68569123095,0,0,2010.3748838926
162.533809501903,3941.68122600739,0,0,4104.21503550929
137.294867650626,2138.27533568848,0,0,2275.57020333911
250.606386416807,1227.64572267092,0,0,1478.25210908772
326.387886906494,1234.11955939118,0,0,1560.50744629767
398.579179274334,728.610978935094,0,0,1127.19015820943
165.366449340044,1656.14350595042,0,0,1821.50995529046
238.803580984681,810.798515940977,0,0,1049.60209692566
514.432548506638,1925.91063979217,0,0,2440.34318829881
144.955476438926,1098.35170031509,0,0,1243.30717675401
206.058430441499,1221.18371825033,0,0,1427.24214869182
122.37977559044,1614.69277625294,0,0,1737.07255184338
311.217847030503,725.528169419241,0,0,1036.74601644974
195.776111558701,4571.48348882959,0,0,4767.25960038829
315.196891425889,904.101692783267,0,0,1219.29858420916
215.56422770126,877.881553304191,0,0,1093.44578100545
327.783685492377,1852.45009252973,0,0,2180.23377802211
162.998002091861,1442.81501394894,0,0,1605.8130160408
287.807632850199,1606.41466256655,0,0,1894.22229541675
204.925649570548,810.568328035412,0,0,1015.49397760596
477.654707443677,1506.94288345403,0,0,1984.59759089771
253.89788408754,2062.5263262597,0,0,2316.42421034724
192.121038557101,889.918532907139,0,0,1082.03957146424
205.430252360366,1140.49029693729,0,0,1345.92054929766
207.068690359366,1022.48983231217,0,0,1229.55852267154
313.515069354888,1445.73491083036,0,0,1759.24998018525
116.394525508057,1410.11319535855,0,0,1526.50772086661
199.035574860852,1399.89776788797,0,0,1598.93334274882
460.434898343151,1305.52903817295,0,0,1765.9639365161
474.863501055281,986.678910590935,0,0,1461.54241164622
436.286478684331,2478.56021218658,0,0,2914.84669087091
257.334399480779,867.185825193787,0,0,1124.52022467457
184.910005762353,1133.5122502217,0,0,1318.42225598405
418.143100565466,1439.09928428377,0,0,1857.24238484923
320.300480051336,1508.20323065753,0,0,1828.50371070887
347.693012659954,1585.42013256863,0,0,1933.11314522858
353.753204238755,1690.94283608513,0,0,2044.69604032389
206.314643421418,802.654294950324,0,0,1008.96893837174
129.604009220943,1451.31419694129,0,0,1580.91820616223
380.003127170483,1288.80199867224,0,0,1668.80512584273
375.640291830198,1509.56056090515,0,0,1885.20085273534
162.878315343199,2346.25156102421,0,0,2509.12987636741
110.3648968326,1347.32892869166,0,0,1457.69382552426
136.420929377783,1909.13469488337,0,0,2045.55562426115
613.441890741782,759.676385652436,0,0,1373.11827639422
93.5244215240823,1242.16850280353,0,0,1335.69292432761
128.039927136847,1715.45098679295,0,0,1843.4909139298
164.081886369261,2067.99025773863,0,0,2232.07214410789
250.711718206726,1814.03135488089,0,0,2064.74307308762
165.980159273467,1524.33380725394,0,0,1690.31396652741
318.890971248189,955.317883919611,0,0,1274.2088551678
617.438349085011,1052.35105655408,0,0,1669.78940563909
266.471682738173,1724.65875729523,0,0,1991.13044003341
271.142920860537,1782.12128923048,0,0,2053.26421009101
101.892532712786,1958.97599920876,0,0,2060.86853192155
220.032487852666,870.393519148845,0,0,1090.42600700151
143.551942475107,1080.46609495077,0,0,1224.01803742587
355.144515541376,831.462275908834,0,0,1186.60679145021
180.928736569122,1561.86518909908,0,0,1742.79392566821
223.308660881094,1887.048069365,0,0,2110.35673024609
94.4561490375973,1611.09893190228,0,0,1705.55508093988
110.624232872295,1301.8555612816,0,0,1412.4797941539
247.310020854311,1509.54120156402,0,0,1756.85122241833
194.96829917701,1578.84249186285,0,0,1773.81079103986
441.666230963849,1243.31193894161,0,0,1684.97816990546
212.35153309708,1381.83258897172,0,0,1594.1841220688
255.272279704886,870.620220244714,0,0,1125.8924999496
149.771951549177,1512.52648650679,0,0,1662.29843805597
430.925650615592,1512.89238496545,0,0,1943.81803558104
459.219802450728,1093.94517647723,0,0,1553.16497892796
207.195097686097,1116.55940920459,0,0,1323.75450689069
115.945780968432,814.431745893893,0,0,930.377526862326
180.052052328357,1093.75664317044,0,0,1273.8086954988
248.18891892869,939.875610171256,0,0,1188.06452909995
112.71144588425,1090.18565322955,0,0,1202.8970991138
400.391582298908,1785.17281476404,0,0,2185.56439706295
199.795073155962,2153.36526790812,0,0,2353.16034106408
202.783606893118,1105.31808467261,0,0,1308.10169156573
220.686337316317,962.245961926847,0,0,1182.93229924316
167.069357017345,1366.3197542248,0,0,1533.38911124215
208.725999299978,2046.76448256539,0,0,2255.49048186536
189.60133499077,2173.57308746041,0,0,2363.17442245118
273.35868222242,1122.58676098852,0,0,1395.94544321094
165.789241202842,1440.43308555016,0,0,1606.222326753
663.113676886493,1203.40412464762,0,0,1866.51780153411
152.784166533706,1112.84012442997,0,0,1265.62429096368
169.868874186565,4475.53075992072,0,0,4645.39963410728
261.770579529563,5830.83855579765,0,0,6092.60913532721
208.88387001522,1474.38481426946,0,0,1683.26868428468
375.238856743167,1969.15389790176,0,0,2344.39275464492
175.008639266153,1664.81145796921,0,0,1839.82009723536
126.727844022073,1829.3953885593,0,0,1956.12323258137
220.807739165833,1056.86384145671,0,0,1277.67158062254
320.936355963017,1519.85817968975,0,0,1840.79453565277
198.380024394453,1129.72947523492,0,0,1328.10949962937
209.402410381526,872.573748588844,0,0,1081.97615897037
281.206371475014,716.806496190659,0,0,998.012867665673
489.703294735689,1218.06779140393,0,0,1707.77108613962
139.086784166842,1322.86082072221,0,0,1461.94760488905
142.115108243466,1216.14315663959,0,0,1358.25826488305
151.885172519108,1800.82313834986,0,0,1952.70831086897
172.539187505942,1803.86205381091,0,0,1976.40124131685
268.542621531171,1152.35257870958,0,0,1420.89520024075
206.554053690894,838.740153439932,0,0,1045.29420713083
282.448398726128,1397.41370670601,0,0,1679.86210543214
205.485044687373,1499.70249929568,0,0,1705.18754398305
143.707158129715,932.930237641549,0,0,1076.63739577126
176.578485642973,1954.92831876601,0,0,2131.50680440898
244.460807998974,1939.12247646646,0,0,2183.58328446543
269.178006486656,1926.8936033696,0,0,2196.07160985626
399.83091246656,1677.43875642083,0,0,2077.26966888739
293.087736748878,1438.51283881581,0,0,1731.60057556468
281.648097043631,1240.76311085698,0,0,1522.41120790062
128.781236902508,1250.68563607109,0,0,1379.46687297359
279.553793075875,1890.96724762805,0,0,2170.52104070392
254.921639456247,2357.27361162399,0,0,2612.19525108024
150.987045693091,1001.10762872682,0,0,1152.09467441991
315.680906806124,1359.38714744033,0,0,1675.06805424645
269.062684003447,2171.71211339273,0,0,2440.77479739618
207.860890215674,1142.65783719419,0,0,1350.51872740986
359.868317433177,1862.18447080476,0,0,2222.05278823794
276.133373614848,1370.97977271867,0,0,1647.11314633352
133.502014758443,1623.12198342498,0,0,1756.62399818342
119.215854285783,1796.478859174,0,0,1915.69471345978
200.256660102782,1363.0737581731,0,0,1563.33041827588
227.675488933888,1083.10673539167,0,0,1310.78222432556
127.76944661186,1430.41795984216,0,0,1558.18740645402
149.324557354697,1784.88595255753,0,0,1934.21050991222
645.158780620485,1453.01743306445,0,0,2098.17621368494
190.616986924465,1635.65880929723,0,0,1826.27579622169
182.134920932064,1830.08950257958,0,0,2012.22442351165
246.631735763843,895.16200512126,0,0,1141.7937408851
269.461226656248,979.8475194982,0,0,1249.30874615445
418.068552283856,1658.21104152779,0,0,2076.27959381164
215.633079415391,1397.6621963049,0,0,1613.29527572029
388.738376885978,1747.00405829415,0,0,2135.74243518013
289.154814004286,1094.85861133093,0,0,1384.01342533522
651.591761156133,1557.36283510819,0,0,2208.95459626432
364.673246227809,2018.20463638933,0,0,2382.87788261714
156.898084063827,1283.71508423601,0,0,1440.61316829984
258.185690471602,814.195266258714,0,0,1072.38095673032
303.504540359787,2153.91410200587,0,0,2457.41864236565
130.935430188299,2165.08596946888,0,0,2296.02139965717
86.5437026678547,1036.75021415057,0,0,1123.29391681842
308.580984122858,1904.39259955774,0,0,2212.9735836806
144.157309793816,1568.53015932642,0,0,1712.68746912024
454.869373158542,1209.15053963028,0,0,1664.01991278882
241.641587220871,1424.72358593953,0,0,1666.3651731604
262.233960058986,1347.04149892866,0,0,1609.27545898765
178.545485663466,4731.23644293683,0,0,4909.78192860029
142.308769650456,948.500513868408,0,0,1090.80928351886
178.216890337406,1290.78245605666,0,0,1468.99934639406
203.674961309144,707.264941896414,0,0,910.939903205558
186.854809630632,1173.67397106172,0,0,1360.52878069236
235.535501560673,6301.10041889892,0,0,6536.63592045959
123.121386053929,1264.69360175883,0,0,1387.81498781276
158.791599471746,1043.10839305973,0,0,1201.89999253148
430.17901637195,771.248942831598,0,0,1201.42795920355
386.927607249264,641.492357089817,0,0,1028.41996433908
348.174529679674,1062.4828088369,0,0,1410.65733851657
216.878811806545,1611.48863722933,0,0,1828.36744903588
316.47268780926,1202.77552235573,0,0,1519.24821016499
168.213976995577,1361.03241261407,0,0,1529.24638960965
203.532206452473,1257.65216805423,0,0,1461.18437450671
304.277486866113,748.458917928873,0,0,1052.73640479499
237.893824837459,1664.69278378281,0,0,1902.58660862027
228.591163350089,1774.96332336953,0,0,2003.55448671962
161.302829843327,1204.10736048355,0,0,1365.41019032687
374.934919739526,1693.31345182322,0,0,2068.24837156275
219.20700872773,4106.60829803567,0,0,4325.8153067634
129.94898085539,938.09625731437,0,0,1068.04523816976
510.376869216731,785.112453038634,0,0,1295.48932225537
198.679013455934,1305.52815771728,0,0,1504.20717117321
167.782628965506,2140.05037065274,0,0,2307.83299961825
252.67659136142,3559.22450094576,0,0,3811.90109230718
354.017810877486,1517.63438583283,0,0,1871.65219671031
116.995550523645,1804.18470726791,0,0,1921.18025779156
248.376104095725,653.398608758165,0,0,901.77471285389
122.202134361823,1609.00639031889,0,0,1731.20852468071
144.632030073604,2469.43164685783,0,0,2614.06367693143
213.145689910411,998.477376126743,0,0,1211.62306603715
105.029086834986,1077.2089151223,0,0,1182.23800195729
225.764152701205,3207.73307931726,0,0,3433.49723201846
118.510534158052,990.90125630149,0,0,1109.41179045954
449.399893780307,1113.44380719226,0,0,1562.84370097257
371.623463820773,1396.64210964202,0,0,1768.2655734628
226.540091221727,1049.97287423483,0,0,1276.51296545656
144.040811418577,815.623003673591,0,0,959.663815092168
244.806585499053,1018.04965177786,0,0,1262.85623727692
301.356381000906,1750.10263678202,0,0,2051.45901778293
115.522134601561,2010.56720633333,0,0,2126.08934093489
112.963595481568,1764.87756002374,0,0,1877.84115550531
177.181122729873,1381.62382363355,0,0,1558.80494636342
158.894172889149,1412.64898534814,0,0,1571.54315823729
178.718397518434,1592.80178257087,0,0,1771.5201800893
287.390188820302,577.864562766312,0,0,865.254751586614
121.536835994075,1552.03364445336,0,0,1673.57048044743
128.771112741151,1350.35732594151,0,0,1479.12843868266
359.100761549404,1142.86001989244,0,0,1501.96078144184
302.880229874053,1550.62787235049,0,0,1853.50810222455
392.363317182227,1156.15787436385,0,0,1548.52119154607
602.522999810056,2364.40917648894,0,0,2966.932176299
236.293743688179,1200.52723983049,0,0,1436.82098351867
214.825349255665,1126.4976443931,0,0,1341.32299364877
172.551407250852,2630.77096615058,0,0,2803.32237340143
216.635090477119,693.052950197318,0,0,909.688040674437
337.878222443963,946.086566888069,0,0,1283.96478933203
228.290629686244,1627.77897830047,0,0,1856.06960798671
1021.18610947711,1858.91201755981,0,0,2880.09812703692
254.173487088223,3197.97685269175,0,0,3452.15033977997
436.130375898256,4226.91058135743,0,0,4663.04095725568
419.868353373515,1186.87592853714,0,0,1606.74428191066
188.116218971111,1405.95447101737,0,0,1594.07068998848
163.114143802837,1213.30566757479,0,0,1376.41981137762
209.60433185829,1303.52744330761,0,0,1513.1317751659
154.774485066905,1258.59632668557,0,0,1413.37081175248
136.673656781099,2057.47695524549,0,0,2194.15061202659
173.612751255715,1949.52206556827,0,0,2123.13481682399
102.532748351112,1228.42422643518,0,0,1330.9569747863
1156.02710612863,1571.49316953691,0,0,2727.52027566555
219.186255269782,1234.02493327642,0,0,1453.2111885462
218.70960587497,657.595941902624,0,0,876.305547777594
194.088472564938,1117.86717512666,0,0,1311.9556476916
199.718950999961,1176.13976576979,0,0,1375.85871676975
379.044777139141,3207.80472048056,0,0,3586.84949761971
255.795594527315,693.422485046466,0,0,949.21807957378
491.021207993006,3523.06719033753,0,0,4014.08839833054
544.396821038311,1623.6867685773,0,0,2168.08358961561
127.105166606075,3215.15781259124,0,0,3342.26297919732
277.55812935445,2208.22995395789,0,0,2485.78808331234
202.421206469802,1784.75119312473,0,0,1987.17239959453
314.075611554495,2251.82611423094,0,0,2565.90172578544
311.26268294417,1349.57953363447,0,0,1660.84221657864
288.821686689916,2097.43791813207,0,0,2386.25960482199
255.849932802624,1110.89429276356,0,0,1366.74422556618
170.177743505923,1273.93192948631,0,0,1444.10967299223
201.864425886048,586.277505461419,0,0,788.141931347467
156.230375966489,1680.74734196669,0,0,1836.97771793318
189.380078525395,616.681560277957,0,0,806.061638803351
235.509181984671,1440.58321579294,0,0,1676.09239777761
783.57859848181,1954.49569076243,0,0,2738.07428924424
268.890355672712,3871.4015516475,0,0,4140.29190732021
151.758566979668,2834.09603470054,0,0,2985.85460168021
349.549566522744,3539.2937477315,0,0,3888.84331425424
199.457636174329,1737.01980536267,0,0,1936.477441537
114.415900597612,1154.26068461731,0,0,1268.67658521492
150.204612364413,2858.13122268675,0,0,3008.33583505116
141.837657771177,1528.91330700293,0,0,1670.7509647741
626.432453504297,3328.789370449,0,0,3955.22182395329
181.326303243663,900.061869152085,0,0,1081.38817239575
220.093709645198,1114.24667332508,0,0,1334.34038297028
167.458940610419,2189.85271496157,0,0,2357.31165557199
192.265232937706,976.369979607702,0,0,1168.63521254541
253.575155415091,1694.99118523179,0,0,1948.56634064688
491.378475071553,777.874514466204,0,0,1269.25298953776
381.731302229738,1059.47063925866,0,0,1441.2019414884
151.33668618978,918.903325333463,0,0,1070.24001152324
161.384361286445,871.50596017017,0,0,1032.89032145661
137.709061205255,1851.63040052109,0,0,1989.33946172634
162.822421835285,1308.37813900478,0,0,1471.20056084006
152.953427789199,2305.23996171878,0,0,2458.19338950798
238.061502022312,938.908334610142,0,0,1176.96983663245
185.604561323299,844.148628281165,0,0,1029.75318960446
174.884415773023,1175.59205058158,0,0,1350.4764663546
177.365208732851,1138.38359364279,0,0,1315.74880237564
144.898878292707,1694.50581763186,0,0,1839.40469592457
186.906620059101,3034.9118989834,0,0,3221.8185190425
197.528513939993,1354.52168255458,0,0,1552.05019649457
596.041822601042,1517.72772307496,0,0,2113.76954567601
298.924505368658,867.892634677462,0,0,1166.81714004612
115.025940911655,1344.96213012994,0,0,1459.9880710416
114.226703893582,1224.3811589087,0,0,1338.60786280229
145.836923901083,1421.07097565898,0,0,1566.90789956006
307.494031131074,1217.92039324996,0,0,1525.41442438104
381.117225271982,973.9656611228,0,0,1355.08288639478
170.297992736385,1573.00492885791,0,0,1743.3029215943
171.369806854434,2060.55660224351,0,0,2231.92640909795
388.812893090313,1482.2549274415,0,0,1871.06782053182
162.384491188071,1022.43180234505,0,0,1184.81629353312
180.577737213307,949.74234430694,0,0,1130.32008152025
222.264644766539,1686.4360712695,0,0,1908.70071603604
119.08996529775,1630.73359449209,0,0,1749.82355978984
124.328836026996,2007.41525421791,0,0,2131.7440902449
175.672200359298,1896.22297397611,0,0,2071.8951743354
312.284849484787,1465.3000773766,0,0,1777.58492686139
357.597018458869,1185.88665908915,0,0,1543.48367754802
385.460199515907,1820.12053056954,0,0,2205.58073008544
267.598377494084,1417.22069795565,0,0,1684.81907544974
165.740258707455,1005.7199250755,0,0,1171.46018378296
194.727828189131,1428.72177780932,0,0,1623.44960599845
1178.72071589327,1371.61776395755,0,0,2550.33847985082
181.662016295652,1480.26142305941,0,0,1661.92343935506
263.713546244029,1838.57513399683,0,0,2102.28868024086
440.727478603792,1199.94666896877,0,0,1640.67414757256
274.617525528388,973.895956883231,0,0,1248.51348241162
186.603172176895,973.62680386579,0,0,1160.22997604268
1055.68262948634,1220.76461190801,0,0,2276.44724139435
151.116918050732,2551.73909619288,0,0,2702.85601424362
143.193999134933,1945.57363771522,0,0,2088.76763685016
248.334253064649,1621.27130049177,0,0,1869.60555355642
159.476757546354,912.500405484452,0,0,1071.97716303081
155.657187913623,1018.31172764038,0,0,1173.96891555401
1057.0785843899,1558.34034818059,0,0,2615.41893257049
216.641689222596,2150.76634966716,0,0,2367.40803888975
262.317807356849,1458.85292427444,0,0,1721.17073163129
145.55818942785,2669.7063093417,0,0,2815.26449876954
188.283860477475,818.52232944533,0,0,1006.80618992281
148.351281757604,2036.30541321835,0,0,2184.65669497595
191.294964447251,871.56208240415,0,0,1062.8570468514
1158.24455856075,3654.04658962522,0,0,4812.29114818597
491.553546714202,873.104436764862,0,0,1364.65798347906
408.384903028565,2654.20494095585,0,0,3062.58984398442
360.914187754771,1108.35628697069,0,0,1469.27047472546
513.136754849911,760.093805281902,0,0,1273.23056013181
221.164000674013,2516.48751265465,0,0,2737.65151332867
343.477217742642,1531.13339431798,0,0,1874.61061206062
195.012469153335,1048.05169758198,0,0,1243.06416673531
192.31111122818,1111.99621424575,0,0,1304.30732547393
244.27047750387,1778.16902449719,0,0,2022.43950200106
188.857838717997,787.10160302301,0,0,975.959441741007
254.131823916863,1303.58643513212,0,0,1557.71825904898
147.962785336773,1755.90544303641,0,0,1903.86822837318
87.69980206056,1536.20537643685,0,0,1623.90517849741
139.771589579674,1798.56798548559,0,0,1938.33957506527
370.735977733189,6648.75218588116,0,0,7019.48816361435
396.221813305454,1792.99624407939,0,0,2189.21805738485
389.967206125666,1481.26004109639,0,0,1871.22724722205
224.39520761364,1681.19560979855,0,0,1905.59081741219
260.176949076078,1549.62842202242,0,0,1809.80537109849
220.266529382984,1449.53989331912,0,0,1669.80642270211
226.717395674419,1613.36153426568,0,0,1840.0789299401
538.254385049237,1574.07292047299,0,0,2112.32730552223
135.242329692974,1557.70882145308,0,0,1692.95115114605
182.829916303764,1445.06267526314,0,0,1627.8925915669
154.316396142478,1198.30492309181,0,0,1352.62131923428
685.530532214436,1314.06672215624,0,0,1999.59725437067
196.309756488365,1615.82047778602,0,0,1812.13023427439
176.546807233871,1310.00926955034,0,0,1486.55607678421
273.941121107341,2075.28558163868,0,0,2349.22670274602
295.595744338581,944.467202048196,0,0,1240.06294638678
215.029182091938,1170.28739345218,0,0,1385.31657554412
192.725184475992,1434.64509147984,0,0,1627.37027595583
245.624645169881,1452.64271812149,0,0,1698.26736329137
283.046352884526,2877.65899268154,0,0,3160.70534556607
389.880915999385,1434.72712539582,0,0,1824.6080413952
282.214654887889,1701.73252773805,0,0,1983.94718262594
131.811352607478,1966.56021049213,0,0,2098.37156309961
179.762496527714,2134.08482574354,0,0,2313.84732227126
107.994457363568,811.49820417949,0,0,919.492661543058
164.828963634541,1360.59345108347,0,0,1525.42241471801
175.289810274366,1437.69779128204,0,0,1612.98760155641
315.486829002619,1311.58736838924,0,0,1627.07419739186
164.602320112799,860.751821282234,0,0,1025.35414139503
134.134200605405,1484.05401254259,0,0,1618.188213148
322.900117990411,1159.96442540698,0,0,1482.86454339739
111.239714081092,2293.92492957212,0,0,2405.16464365321
145.573401892186,1501.94746441832,0,0,1647.52086631051
157.894468530535,1205.75303722765,0,0,1363.64750575819
275.942533550841,1094.48689673647,0,0,1370.42943028731
149.385464888991,805.635713257126,0,0,955.021178146116
237.284308738339,1092.93214903273,0,0,1330.21645777107
189.432089616195,694.861339330002,0,0,884.293428946197
256.204366182818,935.22868219147,0,0,1191.43304837429
294.95993327553,1191.73272380516,0,0,1486.69265708069
395.825569093852,1859.44506189881,0,0,2255.27063099267
353.381846436467,1108.81062304222,0,0,1462.19246947869
101.658168539393,1538.64772414565,0,0,1640.30589268505
322.685316680504,909.161285375363,0,0,1231.84660205587
135.988882512956,2032.69809360591,0,0,2168.68697611886
373.050490053965,1487.192897044,0,0,1860.24338709797
232.641040162399,1383.14820255785,0,0,1615.78924272025
163.761063942511,1649.54350336974,0,0,1813.30456731225
175.428125453392,1411.67245354454,0,0,1587.10057899793
165.193384759212,1108.92427916878,0,0,1274.11766392799
124.566857021855,1474.285412506,0,0,1598.85226952786
178.018991706697,1820.72819156118,0,0,1998.74718326788
154.661642765962,1086.63411884409,0,0,1241.29576161005
401.18517541826,1084.50122600572,0,0,1485.68640142398
209.814218301206,2140.22949075695,0,0,2350.04370905815
312.445391326814,1309.31426868111,0,0,1621.75966000793
151.422475310245,1759.81797579759,0,0,1911.24045110784
344.013310582049,1341.33316998745,0,0,1685.3464805695
194.326200808013,3312.80157190249,0,0,3507.1277727105
136.996243634096,1169.66524531475,0,0,1306.66148894885
206.93552825947,1241.62130188068,0,0,1448.55683014015
132.984534435848,1994.17407992077,0,0,2127.15861435662
105.479172723494,1043.27873216495,0,0,1148.75790488845
229.008514108328,2169.55817259389,0,0,2398.56668670222
137.669786940612,1262.62969131086,0,0,1400.29947825147
156.270023973557,1611.46058724077,0,0,1767.73061121432
180.264964447153,1323.75882716383,0,0,1504.02379161098
157.260968033364,1075.27766864735,0,0,1232.53863668071
162.106475413662,1362.9369709479,0,0,1525.04344636156
238.465801143712,971.581480275305,0,0,1210.04728141902
407.040547749142,1120.56846972318,0,0,1527.60901747233
170.425749704684,826.376392116594,0,0,996.802141821277
265.420320580291,1205.22120740912,0,0,1470.64152798941
203.881532797964,1245.49458394007,0,0,1449.37611673804
124.261291057193,1167.13661112612,0,0,1291.39790218332
266.441461788926,1477.94045719434,0,0,1744.38191898326
111.776249612325,1005.42445194524,0,0,1117.20070155756
223.937895352348,958.567815325666,0,0,1182.50571067801
119.381306357465,1895.18642575072,0,0,2014.56773210818
178.195467669108,1214.57379040108,0,0,1392.76925807019
300.463742218502,989.319626060444,0,0,1289.78336827895
146.327132903923,2352.08665140212,0,0,2498.41378430604
158.673920008851,1146.72645410436,0,0,1305.40037411321
96.2711780578268,1967.16965924359,0,0,2063.44083730142
133.782021841509,1665.1641111142,0,0,1798.94613295571
150.210638831762,2130.64199257105,0,0,2280.85263140281
229.824824446041,1146.16337553723,0,0,1375.98819998327
244.525670425631,1317.1351692181,0,0,1561.66083964373
571.131047644991,954.28901346391,0,0,1525.4200611089
120.181316196948,1113.88299633961,0,0,1234.06431253656
309.34410997064,828.793471963494,0,0,1138.13758193413
93.3270691829423,1978.02272838414,0,0,2071.34979756708
194.085595263298,1146.10215677471,0,0,1340.18775203801
221.83237382871,8269.5862548125,0,0,8491.41862864122
112.61395548868,772.853251802779,0,0,885.467207291459
600.664992280362,1285.52141476936,0,0,1886.18640704972
144.603084876659,2301.38299157639,0,0,2445.98607645305
230.095774309197,1283.09251459316,0,0,1513.18828890236
182.748960899029,1189.46318271549,0,0,1372.21214361452
181.622976347395,1307.33747619429,0,0,1488.96045254168
423.620527539441,1022.0297913607,0,0,1445.65031890014
267.772419121514,3477.66017694723,0,0,3745.43259606875
186.678558520053,4576.65821402912,0,0,4763.33677254917
180.456685885319,1447.2709400449,0,0,1627.72762593022
327.617767627888,766.750122883342,0,0,1094.36789051123
294.659680609297,1018.96228626533,0,0,1313.62196687463
210.750718430771,1349.40112358333,0,0,1560.1518420141
164.57824947927,1012.34213714137,0,0,1176.92038662064
122.141039629604,1025.44521566586,0,0,1147.58625529547
245.018024244677,980.396438145166,0,0,1225.41446238984
282.344433384457,661.649769738694,0,0,943.994203123151
211.275854217979,1463.38927265775,0,0,1674.66512687573
105.226225373897,692.451100352411,0,0,797.677325726308
390.991040051149,1924.75561911089,0,0,2315.74665916204
147.893018216738,1093.13749242004,0,0,1241.03051063677
173.521785780349,1191.54062314015,0,0,1365.0624089205
128.526938453677,1568.92150062553,0,0,1697.44843907921
184.260545252028,1047.54319811188,0,0,1231.80374336391
141.799096101457,2119.17611411103,0,0,2260.97521021248
447.070123523155,1011.85700956466,0,0,1458.92713308781
100.088985395315,1052.62290707334,0,0,1152.71189246866
192.708272561128,2582.1943132916,0,0,2774.90258585273
307.297886611189,1719.83845278344,0,0,2027.13633939463
139.911036441589,552.692490337236,0,0,692.603526778825
272.327612783576,1783.07088268127,0,0,2055.39849546485
161.529313079582,1321.06223403388,0,0,1482.59154711346
177.418334192792,1102.63620597055,0,0,1280.05454016334
408.510927583245,2215.07569800925,0,0,2623.58662559249
200.855196800156,1099.0109850001,0,0,1299.86618180025
329.806938121461,1418.61259992483,0,0,1748.41953804629
231.031331713972,2040.8566991368,0,0,2271.88803085077
168.252609397125,4967.40024477751,0,0,5135.65285417464
273.421524192333,1724.73767435758,0,0,1998.15919854991
297.262594117265,1970.1857013797,0,0,2267.44829549696
133.606098747031,2507.63383240319,0,0,2641.23993115022
232.437029881528,989.54601772342,0,0,1221.98304760495
222.21038599318,1162.17386761286,0,0,1384.38425360604
338.109890452401,1311.44569617787,0,0,1649.55558663027
176.227731680788,1311.05830162282,0,0,1487.28603330361
212.227885277329,1485.31979363669,0,0,1697.54767891402
343.532049126332,717.734654016945,0,0,1061.26670314328
139.119024744378,3547.36355329714,0,0,3686.48257804152
383.80132367557,941.682120170948,0,0,1325.48344384652
242.989859960383,749.714292133168,0,0,992.704152093551
137.611455973087,1020.44917620728,0,0,1158.06063218037
320.716759862467,1093.02538515262,0,0,1413.74214501509
308.51144580208,1083.54508784446,0,0,1392.05653364654
178.443355934527,927.156322155606,0,0,1105.59967809013
145.917730132812,1014.9305301671,0,0,1160.84826029991
192.264242389483,2460.46743809688,0,0,2652.73168048637
986.582558182268,1384.6370113987,0,0,2371.21956958096
326.256100819229,979.25303991229,0,0,1305.50914073152
224.433223754145,1320.65750208586,0,0,1545.09072584
201.508919883579,1549.0913113648,0,0,1750.60023124838
163.253150930286,1221.17501648941,0,0,1384.4281674197
267.205483111621,1397.77669203557,0,0,1664.98217514719
233.85937573509,931.405370208473,0,0,1165.26474594356
227.29151526392,1097.36597248332,0,0,1324.65748774724
266.042121997854,999.302904824337,0,0,1265.34502682219
269.740406923871,1685.36065805184,0,0,1955.10106497571
219.111027129449,1112.72568339237,0,0,1331.83671052182
683.369562527892,1307.62765346165,0,0,1990.99721598954
177.509291006167,1882.15080149976,0,0,2059.66009250593
115.400400364558,1008.54199300866,0,0,1123.94239337322
264.418572773371,1618.7511169527,0,0,1883.16968972608
107.632613200797,1492.89836081106,0,0,1600.53097401186
139.785115313174,2441.1067140414,0,0,2580.89182935458
203.101360417893,1857.4652195545,0,0,2060.56657997239
95.3289996475016,1461.79514953187,0,0,1557.12414917938
112.888978896743,947.75282371978,0,0,1060.64180261652
179.777695564744,1402.35863819316,0,0,1582.1363337579
99.5983751631505,1358.05810903437,0,0,1457.65648419752
99.8476484772271,1107.78621243065,0,0,1207.63386090788
235.209057173167,1339.82015414122,0,0,1575.02921131439
722.119471819422,904.699993312732,0,0,1626.81946513215
193.882848885548,1323.48241941196,0,0,1517.36526829751
434.049152289726,1491.89451894379,0,0,1925.94367123351
216.68006601827,1131.98350548141,0,0,1348.66357149968
331.736251691514,1400.34931561728,0,0,1732.0855673088
312.417334832485,824.273021306169,0,0,1136.69035613865
97.9895034853199,1186.34537706908,0,0,1284.3348805544
192.968443964456,1202.06593868292,0,0,1395.03438264737
311.254368393389,1562.42436351108,0,0,1873.67873190447
247.370422392501,1493.59248795058,0,0,1740.96291034308
279.097344341537,703.800499444864,0,0,982.897843786401
535.181805866562,1177.78077328087,0,0,1712.96257914743
137.899296044292,1156.68910193992,0,0,1294.58839798422
466.431336133716,968.929985213974,0,0,1435.36132134769
504.113485278066,973.645082597529,0,0,1477.7585678756
327.721288556366,1240.24928698489,0,0,1567.97057554126
206.014410690587,1120.96835693661,0,0,1326.9827676272
224.868589663342,1274.41132290402,0,0,1499.27991256736
171.629172018718,1126.22687792712,0,0,1297.85604994584
282.078785150046,1336.75037812466,0,0,1618.82916327471
162.733942097194,2299.77138196049,0,0,2462.50532405769
289.903234829078,688.394389869304,0,0,978.297624698382
107.284904319928,1690.10476290394,0,0,1797.38966722387
177.618832202332,1805.5625847625,0,0,1983.18141696483
431.177652741637,1251.89716941932,0,0,1683.07482216095
230.610739873814,1221.97517574065,0,0,1452.58591561447
247.75420219515,1931.30066285836,0,0,2179.05486505351
151.747316292951,1049.22100036953,0,0,1200.96831666248
174.127616886508,1344.42025732441,0,0,1518.54787421092
145.854019239971,972.034363077909,0,0,1117.88838231788
194.559149578037,1883.06431360594,0,0,2077.62346318398
185.046861109583,1242.73794720809,0,0,1427.78480831767
328.142045908886,1829.31479526399,0,0,2157.45684117287
171.54939469877,626.738641671365,0,0,798.288036370135
266.242106441438,696.487389066647,0,0,962.729495508085
160.861967225968,1155.12823892806,0,0,1315.99020615402
188.450047970341,3177.82918394325,0,0,3366.27923191359
200.422804961188,804.088744415011,0,0,1004.5115493762
317.332830098934,1851.53630807268,0,0,2168.86913817162
122.556580810396,1092.41356196613,0,0,1214.97014277653
217.717625041293,899.267738468527,0,0,1116.98536350982
307.035050766354,499.948500512059,0,0,806.983551278413
126.40298262841,882.152515574035,0,0,1008.55549820244
277.019403233374,2703.25162683313,0,0,2980.27103006651
799.077132002654,1365.36322811079,0,0,2164.44036011344
603.420460031869,1028.35186380682,0,0,1631.77232383869
223.01843777686,1564.84097920198,0,0,1787.85941697884
238.374923249416,760.762484677538,0,0,999.137407926954
201.9174281489,2210.63844085891,0,0,2412.55586900781
231.293084233274,2296.06151530076,0,0,2527.35459953403
225.763889651904,1348.36168029803,0,0,1574.12556994994
603.527203748793,1200.17917825778,0,0,1803.70638200657
309.452797207255,1518.75044038612,0,0,1828.20323759337
502.424813260469,1226.36213705818,0,0,1728.78695031865
482.001515565617,1140.81323267946,0,0,1622.81474824508
212.742954994584,642.086457954198,0,0,854.829412948782
136.479255783026,1153.0527179622,0,0,1289.53197374523
125.060330995874,1476.96283794073,0,0,1602.0231689366
171.440948210571,1473.00354386066,0,0,1644.44449207123
253.388333043907,1069.93880615899,0,0,1323.3271392029
111.32327111662,2286.95550751841,0,0,2398.27877863503
181.246930085615,1100.59889740777,0,0,1281.84582749339
144.08236930522,3209.15627883051,0,0,3353.23864813573
268.898559685447,1683.73082006682,0,0,1952.62937975227
279.67433562521,924.646240370135,0,0,1204.32057599535
891.76738175391,825.893819558945,0,0,1717.66120131286
216.813094821046,1366.41287395166,0,0,1583.22596877271
158.036903595751,1371.10192378143,0,0,1529.13882737718
228.680186462795,1954.25258970223,0,0,2182.93277616503
204.232589378162,1371.73307848838,0,0,1575.96566786654
319.18948985296,1729.76350718603,0,0,2048.95299703899
235.0201031931,1175.20945937411,0,0,1410.22956256721
453.028954192798,1310.83235329673,0,0,1763.86130748953
164.955657832755,1479.21502621479,0,0,1644.17068404755
225.474213255406,1105.62417336779,0,0,1331.09838662319
